course_id,course_name,provider,duration_hours,difficulty,rating,completion_rate,estimated_roi,primary_skill_id
C00001,Synergistic attitude-oriented flexibility in Level,LinkedIn Learning,70,Beginner,3.7,60.5,20.4,SK0030
C00002,Switchable interactive matrix in Policy,Microsoft,68,Intermediate,4.1,23.9,45.5,SK0225
C00003,Organic intangible flexibility in Dinner,Internal,1,Advanced,3.4,75.7,7.3,SK0089
C00004,Versatile multimedia budgetary management in Hair,LinkedIn Learning,79,Beginner,3.0,32.9,37.6,SK0234
C00005,Optional bifurcated forecast in Resource,Udemy,95,Intermediate,4.1,22.4,6.0,SK0168
C00006,Synergistic optimizing matrix in New,Google,89,Advanced,3.9,53.8,12.9,SK0231
C00007,Synchronized fault-tolerant analyzer in Discussion,Google,97,Advanced,4.3,84.9,49.4,SK0126
C00008,Object-based radical approach in Account,Google,52,Advanced,3.3,31.3,21.2,SK0061
C00009,Expanded exuding data-warehouse in Speak,Coursera,35,Advanced,4.7,21.0,41.9,SK0120
C00010,Devolved well-modulated extranet in Figure,Google,69,Beginner,3.3,28.2,21.9,SK0190
C00011,Inverse bottom-line ability in Modern,Internal,5,Intermediate,4.8,47.3,42.8,SK0121
C00012,User-friendly intermediate conglomeration in Carry,Microsoft,17,Beginner,3.9,63.5,48.4,SK0048
C00013,Multi-tiered national strategy in Drug,AWS,53,Intermediate,4.1,34.5,24.6,SK0202
C00014,Profit-focused next generation secured line in Sure,AWS,52,Advanced,4.8,80.1,30.2,SK0059
C00015,Multi-channeled asynchronous infrastructure in Training,LinkedIn Learning,14,Beginner,3.6,76.5,33.3,SK0185
C00016,User-centric 6thgeneration Internet solution in After,Microsoft,29,Advanced,3.4,72.2,47.1,SK0223
C00017,Persevering asynchronous functionalities in Parent,Udemy,8,Intermediate,3.9,56.6,16.6,SK0011
C00018,Optimized object-oriented initiative in Security,Microsoft,98,Advanced,3.5,47.4,32.5,SK0281
C00019,Sharable intangible frame in Building,Coursera,1,Beginner,4.1,48.2,19.6,SK0189
C00020,Open-architected 3rdgeneration Graphic Interface in Congress,LinkedIn Learning,29,Beginner,3.6,57.7,14.8,SK0237
C00021,Secured logistical solution in Wide,LinkedIn Learning,36,Intermediate,4.7,25.8,8.8,SK0034
C00022,Multi-lateral background Internet solution in Three,Coursera,51,Intermediate,4.2,71.2,32.9,SK0135
C00023,Customer-focused dynamic Internet solution in Perform,Microsoft,37,Beginner,3.0,46.4,44.7,SK0062
C00024,Open-architected multi-tasking artificial intelligence in Individual,Google,93,Beginner,4.6,36.9,20.8,SK0227
C00025,Integrated value-added Graphical User Interface in Do,Coursera,69,Beginner,3.7,40.9,29.9,SK0093
C00026,Managed zero-defect concept in Ball,Google,53,Beginner,3.6,33.5,33.9,SK0116
C00027,Profound scalable budgetary management in Nice,Internal,96,Intermediate,3.8,87.6,23.7,SK0133
C00028,Profound content-based time-frame in Happy,Coursera,52,Beginner,4.3,32.7,45.7,SK0293
C00029,Monitored upward-trending project in Teacher,Google,88,Intermediate,3.9,86.2,21.3,SK0193
C00030,Digitized disintermediate benchmark in Child,Microsoft,83,Beginner,4.3,62.9,10.6,SK0030
C00031,Function-based dedicated conglomeration in Play,Google,12,Beginner,3.3,85.1,11.5,SK0298
C00032,Distributed well-modulated task-force in Reality,Coursera,52,Advanced,4.9,55.6,45.1,SK0061
C00033,Compatible context-sensitive throughput in Production,Udemy,1,Advanced,4.5,89.6,49.5,SK0028
C00034,Proactive maximized system engine in Organization,AWS,7,Beginner,3.5,35.9,18.0,SK0077
C00035,Virtual optimal knowledge user in Responsibility,Coursera,17,Intermediate,4.4,61.6,11.5,SK0121
C00036,Re-contextualized secondary productivity in Probably,AWS,98,Beginner,4.2,29.4,26.7,SK0003
C00037,Inverse responsive functionalities in City,Coursera,43,Advanced,3.2,53.5,36.9,SK0037
C00038,Organic asymmetric leverage in Letter,Microsoft,71,Beginner,3.4,62.7,32.6,SK0147
C00039,Self-enabling exuding utilization in Face,Internal,17,Advanced,3.1,65.4,47.8,SK0092
C00040,Reverse-engineered analyzing help-desk in Movement,Internal,59,Beginner,4.6,47.4,41.8,SK0273
C00041,Compatible fault-tolerant Local Area Network in Live,AWS,3,Beginner,4.1,25.7,44.1,SK0087
C00042,Automated analyzing hub in Theory,Microsoft,29,Intermediate,3.6,69.1,29.4,SK0040
C00043,Horizontal asynchronous project in Treat,Google,22,Advanced,3.3,56.6,19.7,SK0178
C00044,Cross-group reciprocal policy in Movement,Microsoft,38,Advanced,4.0,30.3,36.6,SK0285
C00045,Networked maximized paradigm in Once,Microsoft,54,Advanced,4.1,90.2,24.8,SK0042
C00046,User-centric 6thgeneration knowledge user in When,Udemy,93,Intermediate,4.4,91.7,17.9,SK0285
C00047,Re-engineered solution-oriented core in Fund,LinkedIn Learning,50,Beginner,4.9,84.2,11.9,SK0066
C00048,Robust methodical middleware in City,Coursera,69,Intermediate,3.9,83.3,28.8,SK0124
C00049,Centralized local benchmark in Talk,Microsoft,30,Beginner,3.8,27.4,31.7,SK0145
C00050,Mandatory transitional artificial intelligence in Mother,Microsoft,23,Intermediate,3.7,94.5,30.6,SK0120
C00051,Stand-alone context-sensitive analyzer in End,Microsoft,85,Intermediate,4.7,50.0,10.2,SK0109
C00052,Triple-buffered leadingedge intranet in Need,Internal,90,Advanced,3.3,32.2,30.6,SK0092
C00053,Programmable reciprocal complexity in Himself,Microsoft,47,Intermediate,3.7,80.9,12.6,SK0060
C00054,Multi-layered executive info-mediaries in Issue,Coursera,21,Beginner,4.4,36.9,34.9,SK0227
C00055,Vision-oriented global service-desk in Piece,Google,20,Intermediate,3.0,59.5,24.3,SK0240
C00056,Business-focused responsive project in Good,Google,23,Intermediate,3.6,29.6,43.2,SK0212
C00057,Cloned full-range attitude in Open,Microsoft,68,Beginner,4.3,55.6,40.0,SK0098
C00058,Synergistic human-resource forecast in Entire,Coursera,21,Advanced,3.4,61.9,37.6,SK0014
C00059,Up-sized stable portal in Tv,Udemy,21,Beginner,3.6,53.4,36.5,SK0218
C00060,Distributed full-range artificial intelligence in Pass,Google,1,Beginner,4.0,25.2,30.2,SK0170
C00061,Switchable client-server hardware in Force,LinkedIn Learning,15,Beginner,3.8,56.4,7.8,SK0280
C00062,Streamlined tangible protocol in Including,Internal,17,Intermediate,3.2,55.2,34.5,SK0210
C00063,De-engineered radical strategy in Writer,Coursera,51,Intermediate,4.9,39.6,26.0,SK0256
C00064,Configurable fault-tolerant open architecture in However,Google,63,Beginner,3.1,89.1,26.1,SK0171
C00065,Stand-alone full-range capacity in Religious,Google,14,Beginner,4.5,51.3,22.1,SK0073
C00066,Total user-facing software in While,AWS,59,Advanced,3.1,84.8,46.8,SK0147
C00067,Progressive background project in Religious,Udemy,83,Intermediate,3.9,28.2,16.2,SK0106
C00068,Optimized multimedia hierarchy in Affect,LinkedIn Learning,50,Intermediate,3.4,43.9,19.2,SK0094
C00069,Multi-lateral fault-tolerant contingency in Difficult,LinkedIn Learning,34,Intermediate,3.3,33.2,48.3,SK0063
C00070,Mandatory zero administration matrix in Dark,LinkedIn Learning,6,Intermediate,3.3,50.6,41.5,SK0154
C00071,Face-to-face client-driven collaboration in Bank,Coursera,49,Beginner,3.9,28.4,5.6,SK0255
C00072,Implemented zero tolerance attitude in Movement,Udemy,6,Beginner,4.0,53.1,45.8,SK0035
C00073,Visionary needs-based support in Use,Microsoft,69,Advanced,3.3,46.5,15.2,SK0296
C00074,Progressive 5thgeneration protocol in Great,AWS,7,Intermediate,5.0,36.7,36.8,SK0253
C00075,Visionary regional capacity in Picture,Udemy,97,Intermediate,3.5,68.2,29.9,SK0157
C00076,Multi-tiered coherent complexity in Course,Udemy,77,Beginner,3.9,91.3,29.2,SK0134
C00077,Team-oriented zero administration process improvement in Table,Google,51,Advanced,3.4,35.5,37.3,SK0129
C00078,Down-sized uniform intranet in Animal,Udemy,1,Beginner,4.0,73.4,14.3,SK0280
C00079,Open-source high-level service-desk in Serve,Coursera,13,Intermediate,4.5,75.7,12.2,SK0252
C00080,Front-line leadingedge pricing structure in Feel,AWS,43,Intermediate,4.0,57.4,34.3,SK0135
C00081,Versatile value-added toolset in List,Coursera,27,Advanced,3.6,87.3,18.1,SK0011
C00082,Focused national encoding in For,AWS,71,Beginner,3.5,92.5,48.8,SK0292
C00083,Phased content-based hub in Resource,AWS,3,Intermediate,4.5,47.2,25.3,SK0148
C00084,Re-engineered leadingedge Local Area Network in Specific,Google,58,Intermediate,3.2,68.8,10.0,SK0080
C00085,Horizontal zero-defect implementation in Morning,Coursera,89,Advanced,3.7,69.7,35.9,SK0191
C00086,Progressive intangible complexity in Technology,AWS,97,Intermediate,3.3,50.3,18.8,SK0030
C00087,Exclusive real-time challenge in Turn,Udemy,17,Intermediate,3.5,43.8,11.7,SK0229
C00088,Function-based actuating project in Medical,Coursera,45,Beginner,3.3,90.0,24.0,SK0084
C00089,Multi-layered neutral benchmark in Seek,AWS,78,Advanced,4.8,79.2,48.4,SK0150
C00090,Programmable bottom-line forecast in Because,LinkedIn Learning,58,Advanced,4.5,28.6,23.5,SK0189
C00091,Virtual cohesive flexibility in Listen,Coursera,56,Advanced,4.1,29.0,20.6,SK0021
C00092,Profound client-server Internet solution in Benefit,Google,54,Beginner,3.4,89.2,25.0,SK0037
C00093,Face-to-face local hardware in Wonder,Internal,87,Advanced,4.0,26.1,5.5,SK0246
C00094,Assimilated intangible application in Individual,Coursera,88,Intermediate,4.0,71.6,11.0,SK0283
C00095,Profit-focused holistic encoding in Imagine,Coursera,29,Advanced,4.2,37.0,43.2,SK0102
C00096,Configurable holistic definition in Ahead,Coursera,54,Intermediate,3.1,22.6,49.0,SK0294
C00097,Intuitive bandwidth-monitored structure in Rate,AWS,27,Advanced,4.9,24.5,12.1,SK0232
C00098,Managed client-server challenge in American,Coursera,45,Advanced,3.9,48.0,29.1,SK0288
C00099,Horizontal methodical standardization in Theory,Internal,87,Beginner,4.9,25.8,48.5,SK0245
C00100,Devolved well-modulated strategy in Manager,Microsoft,31,Advanced,3.0,64.7,12.0,SK0177
C00101,Organized reciprocal ability in Western,Coursera,36,Advanced,3.5,68.5,13.4,SK0213
C00102,Configurable 3rdgeneration extranet in Dinner,LinkedIn Learning,81,Beginner,3.2,48.0,46.7,SK0102
C00103,Distributed neutral superstructure in Politics,Internal,61,Intermediate,4.5,75.7,36.8,SK0286
C00104,Progressive interactive budgetary management in Stand,Microsoft,37,Advanced,3.6,56.8,11.8,SK0022
C00105,Horizontal disintermediate framework in Campaign,AWS,67,Advanced,4.7,52.3,22.7,SK0019
C00106,Business-focused disintermediate instruction set in Purpose,Coursera,36,Intermediate,4.7,50.5,7.5,SK0287
C00107,Secured logistical architecture in Bring,Microsoft,5,Beginner,4.3,52.3,24.5,SK0276
C00108,Proactive radical monitoring in Admit,LinkedIn Learning,46,Advanced,4.3,92.6,40.0,SK0147
C00109,Self-enabling multimedia orchestration in Effort,Internal,79,Beginner,4.4,71.1,29.9,SK0040
C00110,Universal client-server frame in Laugh,Internal,52,Intermediate,4.3,43.6,34.1,SK0167
C00111,Adaptive reciprocal help-desk in Effect,AWS,49,Intermediate,3.8,75.0,19.7,SK0091
C00112,Re-engineered intangible contingency in Red,AWS,6,Beginner,4.4,44.8,12.3,SK0072
C00113,Synchronized attitude-oriented moderator in Herself,AWS,10,Intermediate,4.8,29.4,5.6,SK0283
C00114,Cloned multi-tasking moratorium in Movement,Microsoft,96,Intermediate,3.7,55.7,42.0,SK0140
C00115,Profit-focused neutral adapter in In,Coursera,23,Advanced,4.9,76.3,33.6,SK0239
C00116,Phased 6thgeneration productivity in Impact,Udemy,17,Beginner,3.0,48.3,15.3,SK0078
C00117,Multi-layered eco-centric synergy in Admit,Internal,84,Advanced,3.7,85.2,23.8,SK0199
C00118,Multi-channeled zero tolerance architecture in Hair,Udemy,44,Beginner,3.3,49.0,41.1,SK0017
C00119,Front-line upward-trending protocol in Production,Google,41,Advanced,3.3,46.2,29.2,SK0218
C00120,Customer-focused zero administration paradigm in Simple,Internal,15,Intermediate,4.6,94.9,18.5,SK0229
C00121,Versatile full-range challenge in Another,AWS,44,Beginner,4.8,56.2,17.0,SK0138
C00122,Multi-channeled needs-based Graphical User Interface in Teach,Coursera,58,Beginner,4.6,80.4,14.8,SK0147
C00123,Stand-alone context-sensitive time-frame in Reveal,Coursera,86,Beginner,5.0,80.4,42.1,SK0210
C00124,Persistent tangible matrices in Program,Internal,50,Beginner,3.4,89.5,31.2,SK0158
C00125,Enterprise-wide client-driven architecture in Sense,Microsoft,52,Intermediate,3.3,26.4,36.9,SK0153
C00126,Vision-oriented logistical alliance in Finally,Google,70,Intermediate,4.0,40.3,43.7,SK0163
C00127,Exclusive 6thgeneration utilization in Decision,AWS,68,Intermediate,4.7,77.6,49.4,SK0101
C00128,Balanced foreground function in Myself,Coursera,63,Advanced,3.1,62.2,16.2,SK0155
C00129,Object-based needs-based leverage in Environment,Google,58,Intermediate,5.0,62.0,13.1,SK0010
C00130,Automated web-enabled project in Cut,Google,23,Advanced,4.2,32.5,25.8,SK0183
C00131,Horizontal heuristic time-frame in Anyone,Coursera,44,Advanced,5.0,41.1,6.6,SK0134
C00132,Streamlined full-range flexibility in Capital,LinkedIn Learning,83,Intermediate,3.7,59.1,40.6,SK0006
C00133,Multi-layered intermediate initiative in Six,Google,95,Intermediate,3.9,40.8,44.8,SK0258
C00134,Organic human-resource Graphical User Interface in Culture,Coursera,44,Intermediate,4.5,35.8,35.9,SK0211
C00135,Proactive system-worthy methodology in Hold,LinkedIn Learning,52,Advanced,4.6,26.6,17.1,SK0051
C00136,Programmable encompassing website in Beautiful,Coursera,67,Beginner,3.5,31.7,10.5,SK0147
C00137,Upgradable interactive artificial intelligence in Law,Coursera,28,Intermediate,4.9,77.7,22.2,SK0128
C00138,Robust contextually-based moratorium in Finally,Google,67,Advanced,4.7,73.9,42.5,SK0258
C00139,Inverse bi-directional artificial intelligence in Generation,Microsoft,78,Advanced,3.0,23.4,20.7,SK0051
C00140,Switchable explicit function in Like,Microsoft,18,Intermediate,3.3,35.2,6.5,SK0154
C00141,Robust transitional interface in Compare,AWS,27,Advanced,4.0,62.0,17.3,SK0070
C00142,Team-oriented leadingedge hardware in Likely,Coursera,51,Intermediate,3.9,44.2,49.5,SK0276
C00143,Balanced upward-trending help-desk in Possible,AWS,60,Advanced,4.4,81.7,35.5,SK0279
C00144,Optional even-keeled productivity in Strong,AWS,74,Beginner,3.2,78.9,45.5,SK0134
C00145,Centralized asynchronous secured line in Public,AWS,49,Advanced,4.3,86.9,39.9,SK0220
C00146,Open-architected high-level migration in Suddenly,AWS,15,Intermediate,4.2,62.2,29.3,SK0163
C00147,User-friendly systematic complexity in Allow,Internal,83,Beginner,3.5,46.4,11.7,SK0136
C00148,Digitized real-time service-desk in Station,Google,73,Intermediate,4.1,65.5,20.7,SK0057
C00149,Organic 5thgeneration capacity in Audience,Google,68,Advanced,3.4,26.7,31.3,SK0177
C00150,Front-line zero-defect project in Hit,Internal,15,Beginner,3.3,20.7,44.2,SK0115
C00151,Multi-lateral human-resource open system in Alone,Coursera,51,Beginner,4.1,21.3,17.1,SK0149
C00152,Robust coherent service-desk in Listen,Internal,48,Advanced,5.0,50.6,10.5,SK0241
C00153,Multi-layered holistic intranet in Source,Coursera,72,Beginner,3.5,37.1,30.1,SK0123
C00154,Compatible object-oriented challenge in Next,Microsoft,1,Beginner,3.7,31.8,12.9,SK0292
C00155,Multi-lateral hybrid functionalities in Rate,Google,7,Beginner,3.5,66.1,32.5,SK0069
C00156,Grass-roots dynamic budgetary management in Agree,Udemy,53,Intermediate,3.5,94.6,16.9,SK0063
C00157,User-centric contextually-based methodology in National,LinkedIn Learning,31,Intermediate,3.8,33.3,15.4,SK0221
C00158,Networked next generation capability in Everybody,Google,18,Beginner,4.4,61.0,23.0,SK0016
C00159,Vision-oriented empowering strategy in Like,Internal,12,Advanced,3.1,29.0,31.7,SK0078
C00160,Extended reciprocal forecast in Rule,Internal,48,Advanced,4.9,90.1,29.5,SK0122
C00161,Pre-emptive dedicated capability in Central,Microsoft,30,Intermediate,3.1,41.9,16.0,SK0258
C00162,Compatible local conglomeration in Way,Internal,97,Advanced,4.8,85.9,45.1,SK0217
C00163,Universal leadingedge array in Take,Coursera,7,Beginner,4.8,41.2,9.9,SK0114
C00164,Synergized foreground secured line in Hand,Coursera,92,Advanced,4.0,80.5,6.8,SK0146
C00165,Triple-buffered asymmetric neural-net in Occur,Udemy,3,Intermediate,3.3,35.7,32.1,SK0237
C00166,Implemented exuding complexity in Seek,Udemy,63,Intermediate,4.1,42.0,10.6,SK0086
C00167,Triple-buffered tangible productivity in Contain,Google,6,Beginner,4.3,34.4,27.7,SK0167
C00168,Multi-lateral multimedia definition in Campaign,Udemy,95,Intermediate,4.7,39.8,47.8,SK0129
C00169,Exclusive client-driven encoding in Street,Coursera,15,Intermediate,4.1,82.6,36.4,SK0165
C00170,Proactive 4thgeneration hierarchy in Once,AWS,71,Intermediate,3.8,67.9,32.8,SK0277
C00171,Re-engineered holistic Local Area Network in Suggest,AWS,43,Advanced,4.7,50.4,30.9,SK0257
C00172,Reactive clear-thinking pricing structure in Usually,Udemy,94,Intermediate,5.0,92.9,13.1,SK0132
C00173,Cross-group asymmetric function in Information,Udemy,91,Advanced,4.3,54.9,24.5,SK0058
C00174,Universal uniform matrices in Never,Coursera,81,Intermediate,4.7,92.7,20.4,SK0257
C00175,Open-source zero administration installation in Than,Microsoft,18,Intermediate,4.2,34.7,47.9,SK0141
C00176,Re-engineered asynchronous capacity in Free,Google,22,Advanced,4.4,87.8,15.9,SK0174
C00177,Stand-alone asynchronous knowledge user in Man,Internal,61,Advanced,4.4,21.0,26.2,SK0175
C00178,Synergized multi-state hardware in Career,Google,61,Beginner,4.4,60.9,47.2,SK0209
C00179,Vision-oriented neutral productivity in People,LinkedIn Learning,53,Beginner,3.6,51.7,40.5,SK0204
C00180,Enterprise-wide zero administration capacity in Lead,AWS,26,Advanced,4.2,59.4,48.4,SK0007
C00181,Profit-focused analyzing capability in National,AWS,91,Intermediate,4.2,61.5,32.4,SK0051
C00182,Distributed exuding concept in Color,Coursera,40,Beginner,3.6,49.2,20.0,SK0259
C00183,Inverse tertiary definition in Half,Google,88,Advanced,3.7,94.9,42.2,SK0178
C00184,Programmable executive artificial intelligence in Enough,Coursera,8,Advanced,4.5,93.2,18.1,SK0031
C00185,Exclusive scalable neural-net in Face,LinkedIn Learning,21,Intermediate,4.2,92.1,12.4,SK0154
C00186,De-engineered responsive framework in Possible,Google,93,Advanced,3.3,93.4,36.8,SK0055
C00187,Public-key background middleware in Put,LinkedIn Learning,43,Beginner,4.7,79.5,33.8,SK0156
C00188,Down-sized optimizing paradigm in Class,Udemy,21,Intermediate,4.8,94.1,44.6,SK0044
C00189,Down-sized stable process improvement in Service,Google,3,Advanced,3.9,86.9,48.3,SK0081
C00190,Robust global open system in Analysis,LinkedIn Learning,31,Advanced,3.4,51.2,43.6,SK0166
C00191,Assimilated attitude-oriented analyzer in Put,Internal,27,Intermediate,4.9,78.9,7.7,SK0030
C00192,Visionary object-oriented firmware in Rather,Internal,27,Intermediate,4.8,88.4,34.9,SK0136
C00193,Expanded zero administration orchestration in Keep,AWS,73,Intermediate,3.5,73.4,40.3,SK0014
C00194,Secured scalable algorithm in Modern,Internal,57,Beginner,3.2,51.7,49.2,SK0106
C00195,Self-enabling needs-based frame in Quality,Google,97,Beginner,3.9,24.9,21.9,SK0075
C00196,Innovative mission-critical encryption in Support,Internal,33,Advanced,4.4,80.7,12.6,SK0079
C00197,Synergized impactful framework in Long,Internal,90,Advanced,3.4,91.5,43.4,SK0194
C00198,Compatible system-worthy approach in Coach,Udemy,92,Intermediate,4.0,47.2,19.3,SK0096
C00199,Organic intangible matrices in Majority,AWS,44,Advanced,3.9,31.4,31.9,SK0040
C00200,Expanded global portal in Charge,Coursera,43,Advanced,4.8,44.5,22.5,SK0256
C00201,Intuitive transitional functionalities in Similar,AWS,31,Intermediate,3.9,63.7,23.1,SK0107
C00202,Monitored impactful capacity in Soon,AWS,65,Beginner,4.1,43.8,38.0,SK0017
C00203,Multi-layered multimedia open architecture in Born,AWS,84,Beginner,4.9,65.8,21.3,SK0015
C00204,Intuitive disintermediate Local Area Network in Can,LinkedIn Learning,76,Beginner,3.6,92.5,36.2,SK0272
C00205,Future-proofed local encryption in Chance,Coursera,17,Advanced,3.6,70.3,5.6,SK0013
C00206,Cross-platform actuating frame in Young,LinkedIn Learning,15,Intermediate,4.6,47.2,19.6,SK0247
C00207,Networked reciprocal instruction set in Energy,Udemy,34,Beginner,3.6,90.2,19.4,SK0214
C00208,Diverse fresh-thinking orchestration in Set,Udemy,80,Advanced,4.7,62.4,38.7,SK0151
C00209,Intuitive content-based task-force in Collection,Microsoft,4,Intermediate,3.2,29.6,19.2,SK0292
C00210,Proactive multimedia Local Area Network in Moment,Microsoft,72,Beginner,3.2,57.4,33.5,SK0043
C00211,Integrated modular adapter in Believe,Udemy,98,Beginner,4.8,69.0,36.0,SK0114
C00212,Object-based motivating knowledgebase in Effect,Udemy,89,Intermediate,4.1,82.9,34.6,SK0081
C00213,Extended optimal help-desk in Anything,LinkedIn Learning,79,Advanced,4.4,90.2,32.1,SK0141
C00214,Business-focused executive methodology in Picture,Udemy,28,Advanced,3.5,43.8,23.6,SK0030
C00215,Streamlined systematic leverage in Feeling,Google,73,Beginner,3.3,31.7,21.8,SK0030
C00216,Public-key 24/7 benchmark in Lawyer,Coursera,2,Intermediate,4.7,25.5,30.4,SK0266
C00217,Devolved empowering superstructure in History,LinkedIn Learning,17,Advanced,3.7,75.4,7.9,SK0099
C00218,Virtual impactful hierarchy in Answer,Udemy,58,Intermediate,3.9,79.6,44.4,SK0094
C00219,Open-architected actuating open system in Or,LinkedIn Learning,74,Intermediate,3.1,50.7,42.1,SK0211
C00220,Ergonomic high-level neural-net in Fight,LinkedIn Learning,9,Beginner,3.8,49.7,20.6,SK0295
C00221,Compatible human-resource middleware in Little,Internal,31,Intermediate,4.5,91.6,30.5,SK0037
C00222,Virtual neutral focus group in That,Microsoft,66,Intermediate,4.6,88.8,47.0,SK0089
C00223,Secured systemic pricing structure in By,LinkedIn Learning,88,Intermediate,4.4,37.5,17.2,SK0255
C00224,De-engineered bandwidth-monitored infrastructure in Hour,AWS,62,Advanced,4.4,78.6,38.4,SK0214
C00225,Mandatory next generation hierarchy in Someone,Google,19,Beginner,4.0,66.7,8.7,SK0014
C00226,Digitized dedicated portal in Mr,Google,81,Beginner,4.1,31.6,28.6,SK0192
C00227,Open-architected motivating analyzer in Answer,LinkedIn Learning,74,Intermediate,4.5,46.8,44.8,SK0295
C00228,Automated client-driven structure in Goal,AWS,55,Intermediate,3.5,33.3,29.8,SK0182
C00229,Phased multi-state knowledgebase in Church,Google,28,Advanced,3.5,42.1,32.7,SK0130
C00230,Robust multimedia challenge in Generation,Internal,92,Beginner,4.9,66.1,45.8,SK0224
C00231,Seamless foreground complexity in Increase,Udemy,50,Advanced,3.1,48.1,37.2,SK0043
C00232,Seamless user-facing framework in Personal,LinkedIn Learning,65,Beginner,3.3,49.6,36.3,SK0181
C00233,Mandatory motivating migration in No,Internal,3,Advanced,4.1,60.5,31.4,SK0169
C00234,Pre-emptive tertiary open system in Firm,Coursera,79,Intermediate,4.5,26.5,33.5,SK0264
C00235,Phased 3rdgeneration hub in Glass,Internal,52,Advanced,4.1,75.4,41.2,SK0096
C00236,Synergistic bifurcated instruction set in Past,Microsoft,10,Intermediate,3.7,50.1,49.1,SK0203
C00237,Integrated uniform solution in Professional,Microsoft,21,Beginner,5.0,56.0,40.8,SK0068
C00238,Assimilated radical leverage in Evidence,Udemy,37,Beginner,4.4,93.1,36.8,SK0092
C00239,Streamlined zero tolerance time-frame in Particular,AWS,15,Intermediate,4.7,45.8,11.1,SK0266
C00240,Re-engineered discrete success in Approach,Udemy,87,Beginner,3.1,68.6,41.8,SK0178
C00241,Reduced mission-critical concept in Need,Google,78,Advanced,3.5,49.4,38.1,SK0151
C00242,Self-enabling uniform process improvement in Stage,AWS,79,Intermediate,3.7,87.1,39.7,SK0047
C00243,Multi-tiered client-server software in Eight,AWS,74,Beginner,3.4,83.5,15.4,SK0003
C00244,Automated object-oriented standardization in Break,AWS,9,Advanced,3.1,38.1,45.7,SK0103
C00245,Ergonomic 3rdgeneration intranet in Former,AWS,44,Advanced,3.5,71.9,9.4,SK0273
C00246,Operative coherent installation in Rock,Microsoft,39,Beginner,4.1,24.9,16.4,SK0022
C00247,Expanded incremental middleware in Stage,Google,5,Beginner,4.4,92.2,34.8,SK0116
C00248,Seamless methodical support in Short,Microsoft,25,Advanced,4.5,46.2,35.3,SK0104
C00249,Centralized tertiary challenge in Natural,LinkedIn Learning,56,Intermediate,3.1,82.4,19.1,SK0259
C00250,Expanded next generation Graphic Interface in Recognize,Google,90,Beginner,3.9,43.9,36.6,SK0298
C00251,Polarized multi-tasking implementation in Former,Microsoft,64,Beginner,3.2,67.5,22.5,SK0130
C00252,Enhanced logistical monitoring in Guess,Udemy,72,Intermediate,3.9,93.8,5.0,SK0295
C00253,Quality-focused heuristic service-desk in Sport,Microsoft,86,Intermediate,3.9,85.8,12.3,SK0048
C00254,Up-sized systemic project in Suggest,Google,52,Beginner,4.0,32.0,44.7,SK0027
C00255,Team-oriented empowering pricing structure in Member,Google,89,Intermediate,4.8,61.1,15.0,SK0015
C00256,Ergonomic dynamic focus group in Open,Udemy,76,Advanced,4.6,46.1,10.1,SK0263
C00257,Innovative directional framework in Spend,Coursera,9,Advanced,4.3,52.6,35.7,SK0298
C00258,Horizontal tertiary database in Road,Google,10,Advanced,4.8,45.1,24.8,SK0265
C00259,Triple-buffered mobile functionalities in Media,Microsoft,10,Beginner,4.4,45.2,40.8,SK0134
C00260,Monitored next generation utilization in Set,Udemy,73,Intermediate,4.6,60.7,43.8,SK0076
C00261,Grass-roots executive capability in Painting,AWS,62,Advanced,4.1,34.4,43.1,SK0030
C00262,Synergistic needs-based implementation in War,Google,90,Intermediate,4.1,60.3,19.1,SK0126
C00263,Object-based grid-enabled throughput in Summer,Internal,99,Advanced,4.4,40.9,27.7,SK0084
C00264,Digitized explicit analyzer in Field,AWS,91,Intermediate,3.0,41.7,34.3,SK0054
C00265,Universal attitude-oriented hardware in Window,LinkedIn Learning,60,Advanced,4.4,75.4,19.5,SK0283
C00266,Organic solution-oriented extranet in Small,Google,95,Advanced,4.9,22.2,6.8,SK0263
C00267,Polarized didactic customer loyalty in Their,Udemy,19,Advanced,4.4,48.6,27.3,SK0222
C00268,Public-key encompassing open architecture in Safe,AWS,38,Advanced,3.1,50.6,5.6,SK0002
C00269,Future-proofed client-driven benchmark in Power,Microsoft,6,Advanced,3.8,56.4,47.8,SK0146
C00270,User-centric optimizing encoding in Eight,Microsoft,15,Advanced,4.6,70.2,40.9,SK0018
C00271,Business-focused static moderator in Draw,Google,93,Advanced,4.9,47.7,13.6,SK0016
C00272,Sharable discrete application in Black,Coursera,47,Advanced,3.7,36.0,17.9,SK0159
C00273,Open-source full-range structure in Marriage,Internal,45,Advanced,4.7,86.4,49.2,SK0298
C00274,Cross-platform systemic throughput in Certain,Google,5,Intermediate,4.7,93.6,21.8,SK0209
C00275,Adaptive neutral complexity in Investment,Udemy,78,Intermediate,3.2,21.5,40.3,SK0205
C00276,Streamlined methodical matrices in Rather,AWS,53,Beginner,4.7,61.0,25.1,SK0113
C00277,Exclusive web-enabled forecast in Full,Internal,66,Advanced,3.6,45.6,43.9,SK0178
C00278,Horizontal secondary approach in Whatever,Coursera,62,Intermediate,4.2,40.8,36.7,SK0209
C00279,Visionary background projection in Painting,Google,23,Intermediate,4.1,45.2,6.0,SK0124
C00280,Focused national support in Several,LinkedIn Learning,44,Intermediate,4.3,67.9,18.2,SK0015
C00281,Automated context-sensitive instruction set in Us,Internal,52,Intermediate,4.5,34.3,30.1,SK0298
C00282,Enhanced 5thgeneration infrastructure in Store,Coursera,46,Intermediate,3.9,88.5,46.7,SK0045
C00283,Proactive contextually-based synergy in Turn,Google,19,Intermediate,4.8,55.0,9.6,SK0094
C00284,Implemented 5thgeneration access in Fire,Google,88,Beginner,4.6,44.4,32.1,SK0107
C00285,Re-contextualized real-time benchmark in Without,Udemy,84,Intermediate,4.6,77.4,18.6,SK0278
C00286,Managed executive knowledgebase in Put,Google,47,Beginner,3.9,21.2,45.0,SK0128
C00287,Quality-focused multi-tasking methodology in Visit,LinkedIn Learning,91,Beginner,3.1,52.4,39.4,SK0038
C00288,Devolved motivating Local Area Network in Explain,Google,52,Advanced,4.0,46.6,21.6,SK0097
C00289,Ergonomic bifurcated groupware in Commercial,Microsoft,24,Advanced,4.8,45.4,12.5,SK0198
C00290,Upgradable logistical project in Even,Coursera,17,Advanced,3.4,45.3,5.5,SK0192
C00291,Universal contextually-based access in Since,Microsoft,89,Intermediate,5.0,22.3,33.0,SK0007
C00292,Mandatory explicit open system in Represent,Google,46,Advanced,4.6,31.4,23.3,SK0044
C00293,Versatile content-based conglomeration in Popular,LinkedIn Learning,64,Intermediate,4.4,30.6,19.2,SK0007
C00294,Sharable impactful interface in Myself,Coursera,95,Intermediate,4.4,94.1,49.3,SK0194
C00295,Inverse background initiative in Relationship,Coursera,28,Advanced,4.2,21.7,26.0,SK0001
C00296,Cross-platform contextually-based challenge in Me,Google,50,Advanced,4.4,32.5,38.7,SK0062
C00297,Inverse dynamic ability in Every,LinkedIn Learning,64,Beginner,3.8,93.1,13.0,SK0089
C00298,Networked disintermediate knowledge user in Some,Udemy,28,Beginner,4.7,67.1,5.6,SK0018
C00299,Future-proofed full-range framework in Pass,Coursera,86,Intermediate,4.4,53.8,23.8,SK0108
C00300,Up-sized object-oriented access in Every,LinkedIn Learning,56,Intermediate,4.5,25.9,35.0,SK0135
C00301,Streamlined high-level solution in Eat,Internal,59,Advanced,4.6,70.2,27.8,SK0067
C00302,Centralized static capability in Make,Microsoft,5,Advanced,3.2,30.3,45.1,SK0093
C00303,Integrated cohesive initiative in Rich,Coursera,54,Beginner,3.1,70.3,24.5,SK0138
C00304,Profit-focused tertiary throughput in Foreign,Internal,44,Advanced,4.6,93.4,19.0,SK0189
C00305,Team-oriented bottom-line productivity in Whom,Coursera,42,Intermediate,3.5,59.9,46.2,SK0059
C00306,Implemented holistic pricing structure in Do,Udemy,72,Advanced,4.2,36.1,23.3,SK0187
C00307,Face-to-face client-driven matrices in Claim,Google,92,Beginner,3.9,66.9,17.1,SK0235
C00308,Persevering value-added portal in Hour,LinkedIn Learning,57,Intermediate,3.0,58.5,9.4,SK0069
C00309,Operative tangible neural-net in While,Coursera,47,Beginner,3.1,60.0,40.7,SK0098
C00310,Phased web-enabled monitoring in Suffer,LinkedIn Learning,76,Beginner,4.7,55.9,42.1,SK0008
C00311,Synchronized didactic task-force in End,AWS,25,Intermediate,4.2,70.5,6.5,SK0134
C00312,Synergized web-enabled policy in Tv,Coursera,44,Beginner,4.0,62.9,21.1,SK0056
C00313,Configurable multi-tasking knowledge user in News,Udemy,15,Advanced,4.9,94.0,38.7,SK0114
C00314,Triple-buffered high-level archive in Whose,Udemy,51,Advanced,3.3,81.9,47.6,SK0088
C00315,Re-contextualized bifurcated approach in Them,Google,53,Beginner,3.5,39.9,22.0,SK0138
C00316,Reactive motivating customer loyalty in Page,Google,34,Advanced,4.5,74.4,44.2,SK0108
C00317,Public-key coherent concept in Generation,Internal,77,Beginner,4.6,36.1,22.7,SK0023
C00318,Programmable leadingedge budgetary management in Response,Udemy,8,Advanced,3.8,78.7,13.1,SK0144
C00319,Expanded transitional paradigm in Middle,LinkedIn Learning,77,Beginner,4.9,31.1,5.2,SK0144
C00320,Cross-group multimedia knowledge user in Table,AWS,70,Advanced,4.9,55.5,19.9,SK0056
C00321,Centralized logistical capacity in Must,Udemy,96,Intermediate,3.0,79.3,22.0,SK0108
C00322,Operative logistical open system in Article,Coursera,21,Intermediate,3.3,41.0,47.5,SK0006
C00323,Realigned maximized service-desk in Surface,Udemy,7,Advanced,4.6,82.8,14.3,SK0030
C00324,Integrated uniform adapter in Individual,AWS,90,Beginner,3.7,68.3,22.2,SK0127
C00325,Function-based 24hour synergy in Discover,LinkedIn Learning,79,Advanced,3.2,49.8,6.1,SK0121
C00326,Reduced asynchronous analyzer in Land,Coursera,56,Beginner,4.6,51.8,39.4,SK0099
C00327,Monitored tangible architecture in Number,Internal,49,Advanced,3.9,89.4,46.2,SK0166
C00328,Centralized asymmetric leverage in Almost,Internal,42,Advanced,4.0,36.3,15.7,SK0241
C00329,Horizontal incremental contingency in Specific,Internal,23,Intermediate,3.4,72.0,24.3,SK0050
C00330,Devolved zero administration project in Shoulder,Google,52,Beginner,4.3,73.0,10.5,SK0268
C00331,Stand-alone intangible hub in Vote,Coursera,79,Beginner,4.1,89.2,25.6,SK0073
C00332,Multi-tiered local implementation in How,Internal,53,Beginner,3.4,73.5,11.0,SK0300
C00333,Configurable systemic protocol in Two,Google,16,Beginner,3.7,63.8,28.6,SK0052
C00334,Quality-focused client-driven projection in Trade,Udemy,96,Beginner,4.2,87.7,38.1,SK0265
C00335,Monitored bottom-line conglomeration in Note,Coursera,37,Intermediate,4.8,82.2,29.9,SK0227
C00336,Object-based multi-tasking capacity in Should,Coursera,18,Advanced,4.8,73.8,16.0,SK0193
C00337,Face-to-face 24hour system engine in Agency,Coursera,20,Beginner,3.6,22.4,20.9,SK0239
C00338,Innovative maximized service-desk in Serve,Microsoft,46,Beginner,4.5,48.0,33.7,SK0010
C00339,Quality-focused interactive monitoring in Hundred,Google,2,Advanced,4.6,67.4,31.5,SK0228
C00340,Focused dynamic knowledgebase in Half,LinkedIn Learning,87,Intermediate,4.6,59.2,11.2,SK0293
C00341,Distributed even-keeled core in Write,Microsoft,94,Intermediate,4.1,43.9,43.0,SK0052
C00342,Up-sized well-modulated budgetary management in Almost,Microsoft,63,Intermediate,3.0,30.8,26.4,SK0240
C00343,Switchable intangible pricing structure in Space,Microsoft,3,Advanced,4.5,61.5,12.3,SK0099
C00344,Ameliorated disintermediate database in Audience,LinkedIn Learning,46,Advanced,3.2,41.4,10.5,SK0081
C00345,Cross-platform radical alliance in Likely,Microsoft,49,Intermediate,3.2,37.5,48.4,SK0013
C00346,Right-sized systematic strategy in Turn,Internal,1,Intermediate,4.2,49.9,17.7,SK0128
C00347,Business-focused dynamic support in Another,Coursera,22,Advanced,5.0,78.9,45.9,SK0011
C00348,Open-architected leadingedge emulation in Notice,Coursera,93,Intermediate,3.5,56.6,23.5,SK0081
C00349,Extended web-enabled time-frame in Arrive,Google,14,Beginner,4.3,36.2,22.4,SK0261
C00350,Devolved motivating frame in East,Udemy,92,Advanced,3.6,28.8,36.5,SK0006
C00351,Upgradable object-oriented functionalities in Participant,AWS,85,Intermediate,4.8,57.4,5.4,SK0222
C00352,Right-sized zero administration service-desk in Tell,Internal,45,Beginner,4.2,79.6,20.2,SK0298
C00353,Inverse disintermediate framework in Under,LinkedIn Learning,96,Advanced,3.4,69.0,18.6,SK0081
C00354,Digitized stable model in Do,AWS,6,Advanced,3.5,37.4,44.1,SK0003
C00355,Open-source exuding focus group in Ask,Coursera,65,Beginner,3.9,52.8,28.8,SK0060
C00356,Realigned optimizing support in Which,Microsoft,21,Advanced,3.2,84.1,21.4,SK0221
C00357,Enhanced responsive service-desk in Late,Google,4,Intermediate,3.2,33.3,17.0,SK0049
C00358,Realigned modular application in Guy,Google,3,Advanced,4.4,59.9,31.6,SK0228
C00359,Stand-alone static implementation in Stock,Udemy,30,Intermediate,3.8,46.7,11.8,SK0290
C00360,Progressive foreground standardization in Keep,Udemy,31,Beginner,4.5,29.3,16.1,SK0293
C00361,Open-source coherent framework in However,Coursera,34,Beginner,3.2,23.7,18.2,SK0298
C00362,Enterprise-wide web-enabled monitoring in Material,Internal,83,Advanced,4.2,61.7,32.4,SK0193
C00363,Front-line directional framework in Toward,Google,20,Beginner,3.9,21.6,21.8,SK0257
C00364,Triple-buffered client-server workforce in Major,AWS,87,Beginner,3.1,27.8,27.8,SK0103
C00365,Centralized next generation installation in Keep,Udemy,54,Advanced,4.1,46.1,34.3,SK0146
C00366,Realigned multi-tasking challenge in Important,Coursera,25,Intermediate,3.2,23.3,48.0,SK0290
C00367,Fully-configurable eco-centric database in Give,Internal,15,Advanced,4.7,50.0,39.4,SK0257
C00368,Stand-alone attitude-oriented knowledge user in Throw,Coursera,38,Advanced,4.3,29.8,23.2,SK0278
C00369,Multi-layered background monitoring in Shake,Coursera,23,Intermediate,4.1,46.2,38.7,SK0189
C00370,Ergonomic actuating flexibility in Huge,Internal,52,Intermediate,3.3,79.3,47.7,SK0178
C00371,Synergistic real-time portal in Among,Internal,66,Intermediate,3.6,67.0,27.5,SK0016
C00372,Compatible content-based website in Sort,Internal,57,Advanced,4.0,53.4,23.5,SK0086
C00373,Reverse-engineered uniform secured line in Operation,Coursera,57,Intermediate,4.3,26.9,8.5,SK0248
C00374,Extended mission-critical database in True,Udemy,79,Beginner,3.4,66.4,45.2,SK0217
C00375,Managed exuding access in Development,LinkedIn Learning,52,Intermediate,3.0,32.3,16.1,SK0042
C00376,Ergonomic user-facing capability in Skin,LinkedIn Learning,35,Beginner,3.7,25.7,7.9,SK0194
C00377,Versatile mission-critical encryption in Safe,Coursera,74,Intermediate,4.0,69.8,29.2,SK0163
C00378,Robust tertiary database in Industry,Coursera,14,Beginner,3.4,88.4,43.1,SK0276
C00379,Front-line neutral Graphic Interface in Stand,Udemy,91,Beginner,4.0,54.5,23.3,SK0130
C00380,Horizontal homogeneous Local Area Network in None,Internal,14,Beginner,3.7,23.1,40.2,SK0263
C00381,Streamlined heuristic function in Every,Coursera,99,Beginner,3.9,86.0,42.6,SK0177
C00382,Multi-lateral multimedia methodology in Man,Google,33,Beginner,3.7,25.0,25.4,SK0265
C00383,Cross-platform uniform leverage in Sort,Microsoft,52,Intermediate,4.3,85.1,31.6,SK0027
C00384,Intuitive demand-driven hub in Form,Internal,1,Advanced,3.1,49.4,29.0,SK0085
C00385,Open-source 6thgeneration open system in Treat,Google,34,Advanced,3.3,47.4,47.3,SK0196
C00386,Face-to-face user-facing circuit in Admit,Coursera,19,Advanced,3.9,60.7,37.6,SK0243
C00387,Fundamental neutral paradigm in Particularly,Microsoft,24,Advanced,3.7,91.8,46.6,SK0177
C00388,Up-sized intangible frame in Claim,Google,4,Advanced,3.8,87.4,14.9,SK0130
C00389,Exclusive full-range emulation in Hundred,AWS,36,Beginner,4.6,55.3,19.0,SK0145
C00390,Re-contextualized dynamic methodology in Oil,Udemy,77,Intermediate,4.8,72.2,8.2,SK0083
C00391,Streamlined systemic Graphical User Interface in Even,Microsoft,58,Beginner,3.5,63.5,27.5,SK0088
C00392,Virtual mobile success in Quality,Coursera,32,Intermediate,4.7,72.0,44.3,SK0020
C00393,User-centric mobile knowledgebase in Concern,LinkedIn Learning,9,Intermediate,3.9,82.2,19.7,SK0230
C00394,Upgradable heuristic concept in Challenge,Google,80,Intermediate,3.5,22.6,10.8,SK0126
C00395,Up-sized needs-based matrix in Create,Coursera,67,Intermediate,5.0,44.4,8.1,SK0051
C00396,Quality-focused secondary approach in Need,LinkedIn Learning,20,Advanced,4.6,91.9,25.1,SK0088
C00397,Automated asynchronous secured line in Anything,Udemy,74,Intermediate,5.0,91.2,12.4,SK0170
C00398,Virtual 24hour installation in Certain,Udemy,62,Intermediate,3.3,20.8,20.6,SK0063
C00399,Self-enabling discrete architecture in Second,Internal,58,Advanced,3.3,35.1,41.9,SK0089
C00400,Distributed 24/7 data-warehouse in Mouth,Google,22,Beginner,4.0,94.5,22.3,SK0189
C00401,Persevering holistic approach in Prepare,Internal,67,Beginner,4.3,57.0,32.4,SK0190
C00402,Sharable static pricing structure in While,LinkedIn Learning,75,Beginner,3.3,63.0,27.6,SK0089
C00403,Polarized stable matrix in Admit,LinkedIn Learning,89,Beginner,4.7,32.5,37.3,SK0026
C00404,Adaptive national neural-net in Its,Udemy,48,Intermediate,4.1,87.1,12.0,SK0176
C00405,Advanced 3rdgeneration moderator in Seven,Microsoft,8,Advanced,3.8,37.3,46.4,SK0264
C00406,Grass-roots national forecast in Adult,LinkedIn Learning,73,Advanced,4.2,34.2,34.0,SK0042
C00407,Profit-focused tangible service-desk in Law,LinkedIn Learning,15,Beginner,4.3,37.1,17.2,SK0119
C00408,Enhanced bi-directional attitude in Need,Google,32,Advanced,3.1,89.0,10.5,SK0169
C00409,Distributed disintermediate core in President,Microsoft,53,Intermediate,5.0,72.7,11.7,SK0108
C00410,Progressive eco-centric help-desk in Example,Internal,67,Beginner,3.7,77.6,40.2,SK0147
C00411,Object-based attitude-oriented hub in Into,Internal,4,Intermediate,3.1,48.3,31.5,SK0176
C00412,Persevering non-volatile encryption in Same,LinkedIn Learning,30,Intermediate,4.7,88.2,22.1,SK0189
C00413,Face-to-face exuding software in Their,Google,13,Intermediate,5.0,79.2,20.0,SK0160
C00414,Configurable solution-oriented projection in Song,Internal,21,Intermediate,4.6,76.3,43.5,SK0074
C00415,Automated background initiative in Hundred,Internal,41,Intermediate,4.7,92.8,44.4,SK0018
C00416,Multi-tiered neutral leverage in Arrive,AWS,19,Beginner,4.3,47.5,31.2,SK0140
C00417,Sharable 24/7 standardization in Congress,Google,48,Intermediate,4.8,65.8,28.6,SK0115
C00418,Configurable modular Internet solution in Quite,Internal,86,Beginner,3.1,88.2,41.7,SK0225
C00419,Managed non-volatile attitude in Want,Udemy,63,Advanced,4.5,79.3,38.7,SK0046
C00420,Progressive 6thgeneration emulation in Development,Coursera,20,Intermediate,4.3,62.3,23.0,SK0038
C00421,Team-oriented non-volatile leverage in Experience,LinkedIn Learning,64,Intermediate,3.1,25.7,8.7,SK0206
C00422,Balanced asynchronous software in Wish,LinkedIn Learning,37,Advanced,4.1,69.0,39.6,SK0009
C00423,Grass-roots needs-based open system in Really,Udemy,31,Beginner,4.0,59.5,12.6,SK0253
C00424,Automated context-sensitive functionalities in Admit,Coursera,74,Intermediate,4.4,33.8,5.7,SK0108
C00425,Expanded optimizing circuit in Soldier,Coursera,18,Advanced,3.2,86.2,42.9,SK0098
C00426,Universal hybrid archive in Firm,Udemy,20,Advanced,4.6,45.7,31.0,SK0275
C00427,Diverse non-volatile encoding in Our,Microsoft,82,Intermediate,3.3,49.1,45.1,SK0071
C00428,Networked systematic moratorium in Glass,Microsoft,11,Beginner,3.8,70.4,26.8,SK0039
C00429,Networked web-enabled support in Challenge,Coursera,86,Beginner,4.8,56.7,46.7,SK0298
C00430,Team-oriented uniform artificial intelligence in Month,Microsoft,44,Intermediate,4.1,26.7,20.9,SK0090
C00431,User-friendly grid-enabled application in Billion,Microsoft,82,Advanced,3.8,49.1,37.6,SK0219
C00432,Optional discrete archive in Grow,Microsoft,64,Intermediate,3.1,27.1,18.5,SK0107
C00433,Robust zero administration pricing structure in Physical,Coursera,34,Beginner,4.3,34.3,5.1,SK0096
C00434,Object-based zero-defect Graphic Interface in All,Microsoft,87,Advanced,5.0,20.5,22.1,SK0032
C00435,Sharable encompassing toolset in Little,LinkedIn Learning,65,Intermediate,4.8,33.6,38.2,SK0126
C00436,Pre-emptive discrete help-desk in On,AWS,55,Advanced,4.4,44.8,11.8,SK0147
C00437,Multi-tiered intermediate contingency in Response,Coursera,74,Beginner,3.2,60.4,27.7,SK0280
C00438,Reduced stable implementation in Bed,Udemy,1,Beginner,3.5,88.9,14.6,SK0024
C00439,Visionary regional frame in Success,Microsoft,38,Beginner,3.4,60.5,8.4,SK0209
C00440,Fully-configurable transitional archive in Beautiful,Internal,9,Intermediate,3.7,72.9,32.8,SK0120
C00441,Future-proofed coherent implementation in Seek,Coursera,95,Advanced,3.5,46.8,47.8,SK0274
C00442,Sharable coherent support in Improve,Google,71,Intermediate,3.5,76.4,19.0,SK0140
C00443,Intuitive high-level benchmark in Benefit,Udemy,17,Intermediate,4.2,66.5,31.1,SK0297
C00444,Adaptive fault-tolerant intranet in Here,AWS,99,Intermediate,3.6,54.5,47.9,SK0082
C00445,Virtual encompassing benchmark in Cause,LinkedIn Learning,52,Intermediate,4.4,34.5,34.3,SK0208
C00446,Cross-group contextually-based Internet solution in List,Google,18,Advanced,4.9,42.8,35.3,SK0033
C00447,Realigned next generation migration in Involve,Udemy,63,Advanced,4.3,66.6,13.1,SK0024
C00448,Customer-focused 4thgeneration array in Health,Microsoft,33,Intermediate,4.5,52.0,27.2,SK0061
C00449,Reactive background policy in Piece,Internal,4,Intermediate,4.5,86.7,21.5,SK0189
C00450,Inverse human-resource access in Film,Microsoft,87,Beginner,3.7,37.6,26.2,SK0084
C00451,Open-source human-resource time-frame in Become,Udemy,75,Beginner,3.0,25.5,41.0,SK0225
C00452,Up-sized next generation encryption in Owner,Coursera,52,Advanced,3.1,64.2,25.7,SK0168
C00453,Programmable composite software in Husband,Google,9,Beginner,3.6,86.5,7.8,SK0186
C00454,Down-sized client-driven flexibility in Fish,Internal,64,Advanced,4.4,47.4,45.7,SK0072
C00455,Future-proofed modular circuit in At,Google,30,Advanced,4.8,68.6,29.5,SK0074
C00456,Down-sized intermediate focus group in Know,Google,8,Advanced,4.9,37.4,46.6,SK0153
C00457,Innovative mission-critical toolset in Ball,Internal,5,Beginner,3.1,61.9,30.8,SK0096
C00458,Multi-lateral eco-centric encryption in Set,Udemy,76,Beginner,5.0,79.0,8.1,SK0053
C00459,Self-enabling modular policy in Practice,AWS,63,Advanced,3.6,85.0,29.9,SK0174
C00460,Exclusive logistical benchmark in Central,AWS,1,Advanced,4.7,27.9,30.9,SK0110
C00461,Innovative 24hour infrastructure in Go,Microsoft,15,Intermediate,3.4,46.7,14.6,SK0051
C00462,Secured homogeneous website in Training,Udemy,89,Advanced,3.1,68.0,26.2,SK0253
C00463,Managed leadingedge groupware in Law,Internal,82,Advanced,3.8,22.6,25.7,SK0073
C00464,Streamlined radical challenge in First,Udemy,38,Intermediate,4.7,71.8,33.0,SK0212
C00465,Inverse real-time solution in Deep,Internal,42,Advanced,3.4,59.6,16.7,SK0212
C00466,Polarized foreground conglomeration in Information,Google,46,Advanced,3.3,41.6,31.2,SK0251
C00467,Intuitive explicit support in Run,Microsoft,53,Advanced,4.8,81.1,15.8,SK0168
C00468,Sharable mobile orchestration in Station,Coursera,26,Intermediate,4.9,41.8,25.1,SK0263
C00469,Fully-configurable fresh-thinking implementation in Fast,Google,61,Beginner,3.0,94.4,10.5,SK0230
C00470,Object-based high-level budgetary management in Work,Coursera,67,Advanced,4.5,81.2,6.7,SK0239
C00471,Re-contextualized dedicated parallelism in Offer,Udemy,54,Intermediate,3.6,73.1,19.4,SK0275
C00472,Enterprise-wide systemic throughput in Oil,Internal,22,Advanced,3.7,24.6,17.4,SK0143
C00473,Assimilated upward-trending Local Area Network in Yes,Coursera,26,Intermediate,3.9,87.8,23.3,SK0070
C00474,Triple-buffered demand-driven intranet in Subject,Google,83,Advanced,3.9,79.3,48.3,SK0174
C00475,Implemented system-worthy architecture in Tell,Internal,60,Intermediate,4.0,37.2,28.5,SK0109
C00476,Open-source systematic methodology in Chair,Microsoft,39,Beginner,4.2,49.4,29.9,SK0203
C00477,Sharable exuding encoding in Entire,Google,36,Beginner,3.9,40.1,47.4,SK0185
C00478,Switchable coherent structure in Land,Udemy,21,Beginner,4.4,93.8,46.5,SK0291
C00479,Multi-tiered asynchronous knowledge user in Piece,Internal,41,Advanced,4.4,84.1,44.8,SK0092
C00480,Polarized optimal initiative in Nor,Udemy,48,Intermediate,3.9,89.8,9.4,SK0259
C00481,Profit-focused system-worthy instruction set in Of,Internal,26,Advanced,3.3,79.2,33.5,SK0206
C00482,Automated high-level standardization in Want,Google,63,Advanced,4.3,54.2,41.4,SK0052
C00483,Public-key radical productivity in Who,AWS,77,Intermediate,4.5,35.4,42.6,SK0181
C00484,Configurable bi-directional throughput in Energy,AWS,36,Advanced,4.3,35.6,31.0,SK0003
C00485,Switchable static help-desk in Compare,Internal,24,Intermediate,4.2,31.4,5.8,SK0084
C00486,Stand-alone reciprocal analyzer in Order,Microsoft,90,Intermediate,3.5,61.0,48.8,SK0214
C00487,Stand-alone systematic project in Instead,Udemy,21,Beginner,4.3,89.0,26.2,SK0034
C00488,Versatile full-range utilization in Law,LinkedIn Learning,18,Beginner,3.7,94.4,22.7,SK0050
C00489,Customer-focused 24/7 attitude in Evening,Internal,15,Beginner,4.8,41.5,22.8,SK0289
C00490,Face-to-face multimedia synergy in Natural,Internal,79,Intermediate,4.3,72.3,24.1,SK0259
C00491,Realigned optimal solution in Parent,AWS,6,Beginner,3.6,64.8,15.9,SK0258
C00492,Face-to-face local hub in Include,Coursera,43,Intermediate,3.9,56.7,19.7,SK0272
C00493,Persistent zero administration service-desk in Per,Google,31,Advanced,4.7,69.9,49.3,SK0182
C00494,Team-oriented motivating collaboration in Hair,AWS,28,Beginner,3.7,47.9,21.6,SK0033
C00495,Assimilated mission-critical benchmark in Find,Udemy,8,Intermediate,4.1,90.8,28.7,SK0265
C00496,Operative attitude-oriented budgetary management in Theory,AWS,29,Intermediate,4.4,72.9,43.2,SK0040
C00497,Upgradable client-server hardware in Forget,LinkedIn Learning,21,Intermediate,4.5,76.6,28.7,SK0210
C00498,Mandatory logistical toolset in Design,Microsoft,81,Intermediate,3.3,38.2,19.6,SK0272
C00499,Programmable mission-critical hardware in Maybe,Google,88,Beginner,4.1,32.6,28.6,SK0136
C00500,Cross-platform leadingedge success in Same,LinkedIn Learning,58,Beginner,4.8,49.6,10.1,SK0087
C00501,Organized foreground architecture in First,Microsoft,60,Beginner,4.9,77.5,10.9,SK0060
C00502,Balanced tertiary budgetary management in Agency,LinkedIn Learning,50,Intermediate,4.3,90.4,36.2,SK0164
C00503,Mandatory secondary benchmark in Research,Google,31,Advanced,5.0,52.0,46.3,SK0003
C00504,Down-sized user-facing encryption in Name,AWS,47,Intermediate,4.1,78.1,37.7,SK0015
C00505,Enhanced neutral complexity in Give,LinkedIn Learning,34,Advanced,3.9,55.3,8.4,SK0102
C00506,Realigned interactive Local Area Network in Each,AWS,2,Beginner,4.1,42.1,23.1,SK0255
C00507,Open-architected responsive contingency in Cultural,Google,67,Intermediate,3.2,75.4,5.1,SK0225
C00508,Sharable stable Internet solution in Individual,AWS,94,Intermediate,3.8,79.9,28.0,SK0210
C00509,Assimilated user-facing pricing structure in Use,Udemy,72,Beginner,3.9,35.2,13.7,SK0023
C00510,Exclusive local parallelism in Laugh,AWS,52,Intermediate,4.7,42.9,44.1,SK0235
C00511,Networked 24hour strategy in Difficult,Coursera,7,Advanced,4.5,57.1,9.7,SK0131
C00512,Expanded even-keeled system engine in Score,LinkedIn Learning,76,Advanced,4.2,34.0,5.1,SK0158
C00513,Cloned object-oriented benchmark in Successful,Google,19,Advanced,3.7,89.7,25.3,SK0173
C00514,Public-key contextually-based hierarchy in Gas,Internal,90,Intermediate,3.4,64.4,12.0,SK0017
C00515,Exclusive logistical budgetary management in Everybody,Internal,92,Intermediate,3.7,29.1,38.2,SK0185
C00516,Synchronized mobile moderator in Purpose,Internal,15,Advanced,4.4,33.8,46.4,SK0184
C00517,Intuitive radical info-mediaries in Popular,Google,78,Intermediate,3.5,91.6,6.9,SK0143
C00518,Object-based optimizing budgetary management in Happen,Coursera,48,Advanced,3.9,75.4,22.8,SK0044
C00519,Multi-channeled logistical process improvement in Consider,AWS,14,Beginner,3.8,75.1,49.9,SK0012
C00520,Synergistic tertiary website in Finish,LinkedIn Learning,3,Advanced,4.5,25.4,38.0,SK0008
C00521,Seamless optimizing artificial intelligence in Remember,Microsoft,50,Beginner,4.8,87.1,47.9,SK0080
C00522,Devolved foreground capability in Edge,Microsoft,93,Beginner,4.4,53.3,12.4,SK0297
C00523,Integrated bifurcated contingency in Hour,Google,54,Beginner,3.7,69.5,15.0,SK0162
C00524,Team-oriented client-server migration in Important,Udemy,6,Advanced,3.9,92.0,12.0,SK0216
C00525,Operative radical challenge in Paper,Coursera,49,Advanced,3.3,27.5,18.6,SK0248
C00526,Networked interactive contingency in Message,LinkedIn Learning,23,Intermediate,3.3,56.2,37.6,SK0029
C00527,Sharable national solution in Wide,AWS,92,Intermediate,3.3,23.7,12.4,SK0272
C00528,Stand-alone context-sensitive open architecture in Compare,Internal,78,Beginner,3.3,57.5,28.6,SK0133
C00529,Pre-emptive executive challenge in Culture,Coursera,78,Advanced,3.4,38.9,17.1,SK0005
C00530,Intuitive local process improvement in Argue,Coursera,20,Intermediate,3.4,88.3,42.3,SK0244
C00531,Multi-channeled 24/7 matrix in Century,LinkedIn Learning,77,Intermediate,3.2,49.9,5.3,SK0030
C00532,Ergonomic human-resource open architecture in Mouth,Google,91,Intermediate,4.3,67.5,15.0,SK0117
C00533,Streamlined modular installation in Reveal,AWS,60,Advanced,5.0,84.5,32.2,SK0178
C00534,Pre-emptive intangible strategy in Though,Google,99,Intermediate,4.8,93.8,9.4,SK0261
C00535,Organic mobile concept in Beautiful,Google,45,Beginner,3.1,57.8,26.0,SK0235
C00536,Re-contextualized 4thgeneration utilization in Sort,Udemy,61,Advanced,3.8,54.2,24.6,SK0141
C00537,Face-to-face explicit alliance in Face,Google,56,Intermediate,4.7,25.7,43.4,SK0050
C00538,Face-to-face national forecast in Concern,AWS,2,Intermediate,3.3,21.0,33.1,SK0270
C00539,Vision-oriented logistical open system in Situation,Udemy,45,Advanced,4.7,65.7,33.8,SK0108
C00540,Visionary zero administration methodology in Often,Udemy,40,Intermediate,4.2,24.9,47.8,SK0046
C00541,Profound bifurcated orchestration in Build,Internal,24,Intermediate,4.9,48.5,49.2,SK0082
C00542,Future-proofed zero-defect moratorium in Than,Internal,29,Beginner,4.8,20.3,34.4,SK0126
C00543,Multi-lateral needs-based system engine in Analysis,LinkedIn Learning,67,Advanced,4.4,66.1,28.5,SK0084
C00544,Virtual uniform intranet in Office,AWS,68,Intermediate,4.3,51.9,32.4,SK0290
C00545,Extended interactive benchmark in Simply,Google,66,Advanced,3.4,29.5,22.2,SK0071
C00546,Streamlined web-enabled encryption in Finish,Udemy,84,Advanced,3.2,42.2,49.4,SK0175
C00547,Automated local firmware in Happen,LinkedIn Learning,54,Beginner,3.8,62.7,36.7,SK0091
C00548,Cross-group leadingedge capability in Stand,Udemy,53,Beginner,3.4,69.3,18.1,SK0249
C00549,Front-line demand-driven workforce in Sing,Coursera,79,Advanced,3.2,54.7,7.6,SK0132
C00550,Reverse-engineered system-worthy hardware in Traditional,Microsoft,49,Beginner,3.6,80.3,7.0,SK0169
C00551,Triple-buffered reciprocal product in Later,Microsoft,32,Beginner,4.7,28.4,14.2,SK0060
C00552,Down-sized reciprocal challenge in Still,Udemy,61,Intermediate,3.0,26.3,15.5,SK0241
C00553,Expanded demand-driven workforce in Artist,LinkedIn Learning,42,Beginner,3.6,23.3,23.7,SK0190
C00554,Re-contextualized grid-enabled monitoring in Fast,Internal,1,Beginner,3.8,60.2,14.7,SK0281
C00555,Right-sized national concept in Game,AWS,63,Intermediate,4.0,73.0,33.4,SK0232
C00556,Triple-buffered explicit frame in Page,Udemy,35,Intermediate,3.4,29.8,14.5,SK0289
C00557,Future-proofed multimedia service-desk in Teacher,Udemy,51,Advanced,4.9,67.9,13.5,SK0275
C00558,Cross-platform client-driven system engine in Stock,AWS,71,Beginner,4.2,55.8,26.2,SK0015
C00559,Open-source analyzing focus group in Trial,Google,45,Intermediate,4.0,94.1,45.0,SK0041
C00560,Streamlined clear-thinking standardization in Tree,Internal,77,Beginner,3.0,73.8,26.1,SK0208
C00561,De-engineered dynamic circuit in Seek,Udemy,65,Advanced,4.0,69.3,23.6,SK0060
C00562,Inverse dynamic task-force in Threat,Coursera,14,Beginner,4.7,62.8,31.0,SK0240
C00563,Synergistic hybrid matrix in Change,Internal,93,Beginner,3.4,94.8,16.6,SK0096
C00564,Re-engineered responsive flexibility in Product,Coursera,3,Beginner,3.7,93.5,20.9,SK0278
C00565,Operative homogeneous knowledge user in Bag,Microsoft,24,Intermediate,3.0,60.4,14.6,SK0160
C00566,Sharable zero administration array in Interesting,AWS,65,Intermediate,5.0,54.1,30.7,SK0282
C00567,Profound value-added focus group in Run,Internal,48,Advanced,3.1,54.7,36.4,SK0209
C00568,Multi-layered logistical matrix in Generation,Google,10,Beginner,4.8,52.1,35.3,SK0133
C00569,Reduced 24hour time-frame in Throw,Internal,13,Advanced,3.6,59.9,16.5,SK0097
C00570,Upgradable background superstructure in Low,LinkedIn Learning,73,Advanced,4.2,40.5,40.1,SK0219
C00571,Sharable static standardization in Help,LinkedIn Learning,14,Intermediate,4.4,89.5,16.5,SK0071
C00572,Cloned national infrastructure in Discover,AWS,10,Beginner,3.3,56.8,11.8,SK0274
C00573,Optimized didactic methodology in Executive,Google,40,Beginner,3.9,83.2,20.7,SK0134
C00574,Inverse executive Graphical User Interface in Officer,Internal,23,Advanced,3.7,55.6,31.9,SK0066
C00575,Re-engineered clear-thinking open system in Together,Microsoft,99,Beginner,3.1,73.9,11.4,SK0127
C00576,Pre-emptive zero tolerance Graphical User Interface in Wall,Google,55,Intermediate,4.7,45.3,34.2,SK0205
C00577,Synergized well-modulated application in Any,Udemy,63,Advanced,3.1,66.9,43.8,SK0298
C00578,Cross-platform responsive toolset in Think,AWS,71,Advanced,4.3,57.4,18.2,SK0117
C00579,Persevering 3rdgeneration capability in Woman,Google,42,Intermediate,3.6,47.5,25.3,SK0267
C00580,Diverse leadingedge knowledgebase in A,AWS,99,Intermediate,3.4,86.1,15.3,SK0282
C00581,Optimized dedicated solution in Where,Google,66,Intermediate,4.3,28.5,21.3,SK0149
C00582,De-engineered solution-oriented framework in Cold,LinkedIn Learning,79,Intermediate,4.1,56.5,6.0,SK0194
C00583,Grass-roots background projection in Herself,Microsoft,73,Intermediate,3.6,34.6,47.9,SK0168
C00584,Function-based attitude-oriented hub in Red,AWS,47,Intermediate,4.0,84.6,23.7,SK0179
C00585,Streamlined composite application in Individual,Microsoft,81,Advanced,3.5,39.0,40.5,SK0148
C00586,Self-enabling fault-tolerant success in Scene,AWS,52,Beginner,4.7,67.5,11.4,SK0057
C00587,Versatile discrete interface in Reality,LinkedIn Learning,18,Beginner,3.6,32.4,41.6,SK0005
C00588,Cross-group tertiary attitude in Ability,Udemy,79,Advanced,3.5,50.4,43.7,SK0014
C00589,Extended mission-critical archive in Cause,LinkedIn Learning,18,Beginner,4.5,87.5,37.2,SK0280
C00590,Reverse-engineered directional model in Response,AWS,24,Beginner,3.0,32.5,45.6,SK0216
C00591,Organic 24/7 access in Safe,Microsoft,23,Advanced,3.5,69.7,12.5,SK0175
C00592,Mandatory bottom-line interface in Rule,Coursera,12,Beginner,3.8,35.3,26.4,SK0003
C00593,De-engineered mission-critical archive in Drop,LinkedIn Learning,23,Beginner,4.8,51.2,32.9,SK0137
C00594,Networked background superstructure in Sure,Microsoft,21,Advanced,4.9,60.5,31.8,SK0100
C00595,Customer-focused bi-directional functionalities in Hold,Google,64,Beginner,4.4,63.3,43.7,SK0083
C00596,Innovative client-driven implementation in Staff,Google,90,Intermediate,4.0,65.2,14.7,SK0280
C00597,Versatile client-driven project in Research,LinkedIn Learning,72,Advanced,4.3,68.0,12.9,SK0132
C00598,Digitized asymmetric moderator in Order,AWS,94,Beginner,3.8,40.4,16.4,SK0001
C00599,Advanced reciprocal projection in Community,Google,34,Beginner,3.6,50.1,45.1,SK0116
C00600,Organic grid-enabled success in Different,Microsoft,2,Intermediate,4.9,22.8,47.3,SK0202
C00601,Self-enabling value-added collaboration in Wide,Udemy,69,Advanced,3.2,77.7,30.6,SK0140
C00602,Open-source reciprocal software in Level,Microsoft,31,Advanced,3.7,82.8,27.6,SK0146
C00603,Extended background attitude in Challenge,Google,97,Beginner,4.8,34.9,32.2,SK0266
C00604,Versatile bottom-line parallelism in Show,Google,68,Intermediate,4.4,35.1,32.7,SK0202
C00605,Networked grid-enabled interface in Forward,Internal,70,Intermediate,3.1,23.2,12.7,SK0152
C00606,Devolved dynamic focus group in Quite,Coursera,87,Intermediate,3.0,92.8,35.9,SK0222
C00607,Configurable dynamic neural-net in Plant,AWS,19,Intermediate,4.0,80.5,25.4,SK0079
C00608,Right-sized uniform portal in Feel,Microsoft,72,Intermediate,4.0,47.1,28.3,SK0200
C00609,Vision-oriented system-worthy algorithm in Thus,Google,13,Intermediate,3.9,56.1,6.4,SK0250
C00610,Switchable exuding database in National,AWS,65,Advanced,3.6,41.9,39.4,SK0099
C00611,Robust multimedia core in Small,LinkedIn Learning,6,Beginner,5.0,64.8,42.6,SK0213
C00612,Object-based explicit project in Arm,LinkedIn Learning,71,Beginner,3.5,73.8,32.9,SK0143
C00613,Front-line modular info-mediaries in Budget,Microsoft,27,Intermediate,4.0,53.6,38.7,SK0190
C00614,Front-line modular productivity in Phone,Internal,79,Advanced,3.8,85.5,28.5,SK0052
C00615,Compatible multi-tasking access in Herself,Google,52,Advanced,3.3,58.8,32.8,SK0112
C00616,Intuitive clear-thinking info-mediaries in Traditional,Microsoft,98,Intermediate,3.4,30.8,22.8,SK0135
C00617,Re-contextualized intangible hierarchy in Office,Udemy,87,Beginner,4.8,66.7,40.6,SK0112
C00618,Synergized context-sensitive task-force in Market,Internal,48,Intermediate,4.7,54.7,26.1,SK0013
C00619,Visionary asynchronous adapter in People,Google,88,Advanced,3.4,90.2,35.6,SK0273
C00620,Cloned 24/7 firmware in Dinner,Google,79,Intermediate,4.8,49.4,33.0,SK0233
C00621,Balanced analyzing utilization in Information,AWS,99,Beginner,3.4,50.2,36.6,SK0044
C00622,Profit-focused executive product in Seem,Microsoft,68,Beginner,4.3,68.8,40.3,SK0073
C00623,Profit-focused zero administration instruction set in Land,Google,44,Advanced,3.2,59.5,28.1,SK0261
C00624,Total impactful artificial intelligence in Push,AWS,17,Intermediate,4.8,48.1,41.6,SK0231
C00625,Public-key national pricing structure in Claim,Google,95,Intermediate,3.1,94.2,27.4,SK0033
C00626,Grass-roots attitude-oriented function in Bar,Coursera,38,Advanced,4.1,42.7,48.0,SK0068
C00627,Profound demand-driven workforce in Clearly,Internal,10,Intermediate,4.6,40.8,38.9,SK0016
C00628,Public-key fresh-thinking infrastructure in Peace,Microsoft,54,Advanced,3.2,84.8,12.7,SK0150
C00629,Sharable well-modulated projection in Responsibility,Coursera,91,Intermediate,3.8,20.3,42.3,SK0292
C00630,Stand-alone asymmetric function in Say,Microsoft,6,Beginner,3.1,35.1,29.8,SK0102
C00631,Optional upward-trending encoding in Article,Udemy,6,Advanced,4.4,64.3,49.3,SK0186
C00632,Fully-configurable background Internet solution in Business,LinkedIn Learning,52,Intermediate,3.6,32.2,37.3,SK0025
C00633,Persevering reciprocal portal in Around,AWS,15,Intermediate,4.1,93.9,8.8,SK0072
C00634,Integrated static support in Really,Microsoft,68,Intermediate,4.9,54.8,22.8,SK0081
C00635,User-centric context-sensitive capability in Actually,Internal,57,Advanced,3.6,64.8,28.3,SK0061
C00636,Triple-buffered client-driven standardization in Activity,Microsoft,56,Beginner,3.1,32.0,42.8,SK0018
C00637,Diverse modular hardware in Necessary,Microsoft,7,Intermediate,4.4,41.7,37.8,SK0242
C00638,Programmable zero tolerance success in Event,Microsoft,51,Advanced,4.6,66.1,21.6,SK0058
C00639,Down-sized holistic capacity in So,Google,58,Intermediate,4.9,61.2,34.4,SK0057
C00640,Vision-oriented encompassing superstructure in Various,Microsoft,64,Beginner,3.3,78.8,31.0,SK0097
C00641,Decentralized zero administration algorithm in Government,Google,26,Beginner,3.8,40.2,10.7,SK0215
C00642,Optimized encompassing moderator in Attack,Internal,58,Beginner,4.7,69.0,15.6,SK0012
C00643,Fundamental transitional orchestration in Product,Internal,31,Advanced,4.6,41.8,20.4,SK0011
C00644,Compatible modular knowledgebase in Much,Microsoft,66,Intermediate,4.2,64.0,13.8,SK0163
C00645,Multi-lateral analyzing methodology in Town,Google,92,Advanced,3.5,65.4,11.8,SK0283
C00646,Re-contextualized composite hub in Coach,LinkedIn Learning,13,Intermediate,3.6,29.1,7.6,SK0217
C00647,Function-based zero administration benchmark in Wall,Microsoft,18,Advanced,3.2,61.1,44.3,SK0241
C00648,Re-engineered systematic success in Business,AWS,94,Intermediate,4.8,20.9,18.0,SK0045
C00649,Focused user-facing migration in Able,AWS,75,Advanced,3.3,57.6,18.1,SK0081
C00650,Balanced 24/7 encryption in Any,Internal,13,Intermediate,4.1,72.3,14.3,SK0255
C00651,Phased high-level info-mediaries in Wife,AWS,24,Advanced,4.2,25.5,26.4,SK0067
C00652,Distributed context-sensitive alliance in On,AWS,57,Beginner,3.7,90.4,28.1,SK0102
C00653,Universal user-facing projection in Kind,Udemy,29,Advanced,3.7,54.4,14.4,SK0091
C00654,Face-to-face fresh-thinking encryption in Keep,Microsoft,56,Beginner,4.3,90.4,32.4,SK0042
C00655,Up-sized foreground flexibility in That,Microsoft,54,Beginner,3.8,28.1,37.5,SK0276
C00656,Compatible object-oriented hub in Call,Microsoft,5,Intermediate,3.5,91.2,21.8,SK0274
C00657,Profit-focused systematic application in Country,Microsoft,35,Beginner,3.8,28.2,31.3,SK0077
C00658,Face-to-face multi-state analyzer in Institution,Coursera,19,Beginner,4.6,54.6,27.6,SK0234
C00659,Cloned maximized forecast in Staff,Microsoft,55,Intermediate,4.9,90.3,13.8,SK0202
C00660,Integrated fresh-thinking array in On,Google,77,Advanced,4.3,37.5,37.9,SK0221
C00661,Persevering 24/7 hub in Deep,Internal,69,Advanced,4.6,22.6,41.1,SK0262
C00662,Implemented non-volatile toolset in Fly,Google,44,Beginner,4.1,79.5,34.2,SK0039
C00663,User-centric regional encryption in Majority,Internal,78,Advanced,4.2,64.7,19.6,SK0011
C00664,Multi-layered optimizing methodology in Spring,Coursera,38,Beginner,5.0,58.5,46.7,SK0112
C00665,Vision-oriented dedicated superstructure in Wear,Microsoft,62,Advanced,3.9,22.6,25.5,SK0108
C00666,Quality-focused well-modulated utilization in Else,LinkedIn Learning,22,Advanced,3.1,69.0,17.0,SK0094
C00667,Distributed 24hour installation in Agent,Google,73,Advanced,4.9,32.9,23.4,SK0084
C00668,Focused needs-based hardware in Provide,Microsoft,40,Beginner,4.6,89.8,36.1,SK0058
C00669,Team-oriented 24/7 groupware in Ability,Internal,26,Intermediate,3.8,71.4,43.1,SK0293
C00670,Virtual stable implementation in Time,Google,5,Advanced,5.0,73.0,21.0,SK0016
C00671,User-centric upward-trending function in Body,Udemy,93,Advanced,3.7,37.4,15.5,SK0093
C00672,Expanded multi-tasking encoding in Kind,AWS,54,Advanced,3.7,86.1,33.2,SK0165
C00673,Pre-emptive analyzing circuit in Seek,Udemy,86,Beginner,4.2,60.3,46.5,SK0215
C00674,Grass-roots background analyzer in Will,LinkedIn Learning,49,Intermediate,3.5,84.3,13.2,SK0144
C00675,Focused multi-state installation in School,Microsoft,3,Beginner,4.4,40.3,41.1,SK0274
C00676,Multi-layered logistical synergy in Become,Coursera,92,Advanced,3.3,76.7,26.4,SK0138
C00677,Reduced bandwidth-monitored middleware in Cell,Microsoft,38,Beginner,3.2,63.1,41.0,SK0204
C00678,Sharable hybrid archive in Person,LinkedIn Learning,14,Advanced,4.1,23.6,27.7,SK0210
C00679,Re-contextualized analyzing Internet solution in Recognize,LinkedIn Learning,47,Advanced,4.1,50.4,22.0,SK0019
C00680,De-engineered disintermediate frame in Every,AWS,14,Beginner,3.2,33.8,36.4,SK0294
C00681,Intuitive hybrid standardization in Theory,LinkedIn Learning,75,Advanced,4.9,46.9,45.5,SK0293
C00682,User-centric fresh-thinking functionalities in Local,Udemy,73,Advanced,4.1,48.8,19.4,SK0162
C00683,Future-proofed discrete archive in Yet,AWS,38,Intermediate,3.3,55.6,25.7,SK0130
C00684,Exclusive client-driven time-frame in Speech,Microsoft,64,Beginner,3.6,65.0,15.3,SK0044
C00685,Reduced bi-directional collaboration in Born,Google,44,Beginner,4.6,62.8,13.3,SK0083
C00686,Down-sized local Local Area Network in Former,Microsoft,70,Advanced,4.0,22.9,40.0,SK0124
C00687,Open-source bottom-line monitoring in Help,Coursera,65,Advanced,3.4,76.3,14.0,SK0027
C00688,Visionary demand-driven knowledge user in Foot,LinkedIn Learning,25,Beginner,3.2,91.2,40.7,SK0007
C00689,Persistent empowering capability in Believe,LinkedIn Learning,16,Beginner,3.9,46.2,24.3,SK0199
C00690,Diverse systemic framework in The,Internal,15,Beginner,3.7,33.5,49.8,SK0112
C00691,Triple-buffered tangible portal in Amount,AWS,98,Advanced,4.3,60.5,13.9,SK0089
C00692,Extended fresh-thinking circuit in Benefit,Internal,81,Intermediate,4.9,72.9,9.2,SK0128
C00693,Universal dynamic help-desk in Individual,AWS,3,Intermediate,3.5,70.9,8.4,SK0230
C00694,Profound actuating service-desk in Firm,Udemy,67,Advanced,4.7,65.9,42.6,SK0018
C00695,Fundamental context-sensitive algorithm in Interview,AWS,37,Advanced,4.8,31.0,24.7,SK0289
C00696,Organized next generation synergy in Oil,Microsoft,81,Advanced,4.8,82.8,5.1,SK0161
C00697,Fully-configurable bandwidth-monitored Local Area Network in Blue,Coursera,55,Beginner,4.9,51.9,44.4,SK0281
C00698,Devolved bottom-line access in Assume,Google,38,Advanced,4.7,36.6,44.5,SK0166
C00699,Vision-oriented directional capacity in Decade,AWS,63,Beginner,4.2,26.5,41.3,SK0260
C00700,Open-architected holistic software in Professor,AWS,1,Intermediate,3.8,51.3,16.2,SK0190
C00701,Stand-alone attitude-oriented paradigm in Peace,AWS,71,Advanced,4.0,66.3,21.8,SK0266
C00702,Fundamental asynchronous adapter in Attention,Coursera,90,Advanced,4.7,69.9,38.5,SK0291
C00703,Exclusive secondary intranet in Table,LinkedIn Learning,19,Beginner,3.6,92.2,27.0,SK0279
C00704,De-engineered background workforce in Glass,Coursera,52,Beginner,3.3,31.5,11.9,SK0217
C00705,Decentralized 6thgeneration Local Area Network in Apply,LinkedIn Learning,30,Beginner,3.3,93.9,15.9,SK0207
C00706,Down-sized object-oriented Internet solution in Term,Google,55,Intermediate,4.7,69.1,48.8,SK0153
C00707,Up-sized hybrid methodology in All,Microsoft,14,Intermediate,4.5,54.1,11.8,SK0181
C00708,Multi-tiered systemic interface in Consider,Coursera,13,Advanced,4.0,86.6,37.7,SK0212
C00709,Multi-channeled didactic contingency in Face,LinkedIn Learning,84,Advanced,3.5,72.1,26.5,SK0273
C00710,Grass-roots local collaboration in Already,Microsoft,90,Beginner,4.4,46.2,38.7,SK0203
C00711,Seamless regional pricing structure in Else,Microsoft,27,Intermediate,3.1,86.3,34.8,SK0205
C00712,Stand-alone explicit methodology in Its,LinkedIn Learning,89,Advanced,4.1,70.0,24.8,SK0153
C00713,Reactive mission-critical approach in Begin,LinkedIn Learning,9,Beginner,3.8,72.4,20.9,SK0170
C00714,Grass-roots human-resource challenge in Kind,Udemy,41,Beginner,5.0,87.2,38.9,SK0241
C00715,Exclusive secondary website in Never,Microsoft,48,Intermediate,4.0,53.6,19.5,SK0287
C00716,Fully-configurable responsive website in Of,LinkedIn Learning,12,Intermediate,4.1,69.3,40.4,SK0245
C00717,Ameliorated homogeneous toolset in Sell,Microsoft,10,Advanced,4.4,75.9,35.6,SK0080
C00718,Multi-channeled mission-critical moratorium in Station,Coursera,6,Advanced,4.0,54.0,31.0,SK0092
C00719,Pre-emptive grid-enabled open system in Morning,Google,34,Beginner,3.4,26.3,21.6,SK0149
C00720,Inverse human-resource flexibility in Couple,Internal,52,Beginner,4.1,77.9,14.2,SK0030
C00721,Assimilated foreground policy in Discuss,Internal,41,Beginner,4.9,23.6,37.0,SK0123
C00722,Assimilated zero-defect focus group in Article,AWS,83,Advanced,3.8,73.8,9.1,SK0029
C00723,Phased multi-tasking help-desk in Speak,LinkedIn Learning,6,Intermediate,4.4,88.3,48.7,SK0259
C00724,Reduced discrete complexity in Black,LinkedIn Learning,2,Advanced,5.0,46.0,49.0,SK0186
C00725,Fully-configurable stable encoding in Exactly,Microsoft,15,Intermediate,4.7,27.7,10.9,SK0075
C00726,Public-key user-facing approach in South,AWS,17,Advanced,4.3,37.5,9.7,SK0045
C00727,Face-to-face object-oriented website in Important,LinkedIn Learning,16,Advanced,4.5,62.2,23.6,SK0069
C00728,Multi-channeled context-sensitive conglomeration in Economic,Microsoft,28,Intermediate,4.9,90.7,48.4,SK0210
C00729,Reverse-engineered foreground workforce in Sing,LinkedIn Learning,85,Advanced,4.9,58.4,23.0,SK0239
C00730,Total heuristic parallelism in Ahead,Microsoft,72,Advanced,4.9,28.5,21.4,SK0192
C00731,Triple-buffered tangible help-desk in Yourself,LinkedIn Learning,10,Beginner,4.3,67.1,36.7,SK0103
C00732,Re-contextualized non-volatile circuit in Order,Udemy,10,Intermediate,3.8,75.0,13.0,SK0241
C00733,Ergonomic modular moratorium in For,Google,10,Intermediate,3.3,49.5,21.3,SK0253
C00734,Enhanced mobile alliance in Believe,Microsoft,73,Beginner,3.8,74.1,18.1,SK0220
C00735,Centralized discrete portal in Discuss,Google,28,Intermediate,4.9,44.4,32.1,SK0217
C00736,Ameliorated multi-tasking matrices in A,Udemy,24,Beginner,4.8,79.2,12.3,SK0202
C00737,Managed reciprocal customer loyalty in Sure,Udemy,19,Intermediate,4.0,45.6,29.7,SK0029
C00738,De-engineered global structure in Cost,Udemy,97,Intermediate,4.1,39.2,43.6,SK0212
C00739,Inverse analyzing adapter in Choose,Udemy,68,Intermediate,3.6,85.9,28.1,SK0154
C00740,Reverse-engineered tertiary circuit in Staff,Coursera,56,Intermediate,3.9,61.1,35.8,SK0231
C00741,Customizable multi-tasking hierarchy in Baby,Google,67,Beginner,4.4,41.4,8.4,SK0102
C00742,Multi-layered tertiary protocol in Individual,AWS,42,Beginner,3.8,90.1,25.2,SK0177
C00743,Reverse-engineered bandwidth-monitored Graphical User Interface in Five,Google,12,Intermediate,3.4,71.8,9.3,SK0181
C00744,Inverse client-driven complexity in Sign,Internal,18,Advanced,4.1,36.6,32.0,SK0232
C00745,Optional scalable matrix in Range,Coursera,23,Beginner,3.5,66.1,17.6,SK0012
C00746,Intuitive context-sensitive strategy in Or,LinkedIn Learning,84,Intermediate,4.9,85.3,17.9,SK0186
C00747,Team-oriented reciprocal toolset in Heavy,LinkedIn Learning,6,Beginner,3.8,72.2,8.5,SK0249
C00748,Face-to-face static parallelism in Teacher,AWS,53,Advanced,4.8,38.4,19.0,SK0266
C00749,Enhanced homogeneous function in Similar,Internal,98,Advanced,3.5,68.7,27.8,SK0135
C00750,Team-oriented explicit capacity in Cost,Internal,42,Advanced,3.4,66.4,31.3,SK0245
C00751,Upgradable 24hour standardization in Page,Internal,66,Intermediate,4.2,81.6,8.0,SK0031
C00752,Object-based zero administration open system in Alone,Udemy,30,Intermediate,4.6,33.4,34.3,SK0259
C00753,Enterprise-wide real-time functionalities in Will,Coursera,9,Advanced,4.1,72.5,27.0,SK0104
C00754,Seamless directional productivity in Others,LinkedIn Learning,91,Beginner,3.5,22.1,29.2,SK0001
C00755,Customer-focused modular circuit in Glass,Coursera,42,Beginner,3.1,72.2,42.5,SK0207
C00756,User-friendly asynchronous encoding in Hand,Coursera,34,Advanced,4.2,92.0,20.4,SK0135
C00757,Intuitive composite productivity in Value,Coursera,40,Intermediate,3.3,33.1,12.8,SK0271
C00758,Cross-group tertiary secured line in Purpose,Internal,88,Beginner,3.7,43.3,29.8,SK0089
C00759,Upgradable full-range knowledge user in Activity,AWS,17,Beginner,4.4,63.7,47.5,SK0195
C00760,Fundamental demand-driven encryption in Room,AWS,29,Beginner,3.2,74.9,28.3,SK0122
C00761,Cloned grid-enabled extranet in Stop,Internal,50,Intermediate,3.3,45.8,42.4,SK0116
C00762,Customer-focused uniform ability in Anything,LinkedIn Learning,76,Advanced,3.1,69.8,39.1,SK0196
C00763,Networked leadingedge superstructure in Kind,LinkedIn Learning,95,Intermediate,5.0,87.4,28.3,SK0036
C00764,Down-sized incremental methodology in Upon,LinkedIn Learning,49,Beginner,3.8,74.5,34.1,SK0067
C00765,Multi-tiered grid-enabled moratorium in How,AWS,73,Advanced,4.8,73.3,23.3,SK0133
C00766,Cross-platform mission-critical toolset in Treat,AWS,61,Intermediate,3.6,48.6,28.9,SK0281
C00767,Re-engineered solution-oriented task-force in Right,Coursera,83,Advanced,4.5,88.4,27.8,SK0011
C00768,Face-to-face cohesive knowledge user in Back,Internal,46,Beginner,3.4,40.8,36.9,SK0218
C00769,Automated explicit adapter in From,Udemy,46,Intermediate,4.0,35.4,23.4,SK0156
C00770,Fundamental bi-directional archive in Guess,Coursera,17,Advanced,4.6,47.3,9.5,SK0240
C00771,Down-sized homogeneous complexity in Sign,Microsoft,66,Intermediate,4.6,68.8,40.5,SK0060
C00772,Compatible neutral array in Ground,AWS,5,Beginner,4.6,84.6,35.8,SK0138
C00773,Right-sized reciprocal matrices in Sea,Coursera,54,Advanced,4.6,29.9,47.8,SK0050
C00774,Assimilated intermediate projection in Community,Internal,16,Beginner,3.4,81.0,24.3,SK0167
C00775,Robust intermediate complexity in Argue,Microsoft,81,Advanced,4.0,81.0,8.5,SK0165
C00776,Cross-platform full-range database in Customer,Google,91,Beginner,4.0,64.0,10.5,SK0189
C00777,Open-source tangible neural-net in Seven,Coursera,7,Beginner,4.8,77.0,39.8,SK0092
C00778,Upgradable needs-based firmware in Recent,Internal,8,Intermediate,3.6,33.6,8.0,SK0294
C00779,Horizontal exuding encoding in Big,Internal,72,Beginner,4.9,32.7,45.9,SK0289
C00780,Business-focused hybrid orchestration in Often,AWS,87,Intermediate,3.9,84.7,17.7,SK0075
C00781,Pre-emptive coherent application in Herself,Udemy,96,Beginner,4.3,57.4,45.4,SK0045
C00782,Adaptive interactive array in Financial,Coursera,82,Beginner,3.5,38.4,39.8,SK0053
C00783,Switchable responsive policy in Media,Internal,38,Beginner,3.8,71.7,44.2,SK0175
C00784,Exclusive bandwidth-monitored algorithm in Design,LinkedIn Learning,54,Advanced,4.4,86.9,14.6,SK0161
C00785,Down-sized scalable frame in Beat,Internal,76,Intermediate,4.0,67.4,31.8,SK0067
C00786,Phased bifurcated function in Still,Udemy,15,Advanced,4.9,46.1,9.2,SK0270
C00787,Object-based methodical matrix in Want,Internal,92,Intermediate,4.5,56.2,14.1,SK0124
C00788,Switchable empowering array in Quality,AWS,50,Beginner,4.1,76.4,18.9,SK0182
C00789,Quality-focused human-resource contingency in Hospital,Google,56,Advanced,4.8,25.1,38.3,SK0182
C00790,Multi-tiered holistic contingency in Like,Coursera,95,Intermediate,4.3,36.3,6.1,SK0036
C00791,Balanced empowering intranet in Make,AWS,9,Beginner,4.3,54.7,45.6,SK0212
C00792,Fundamental directional flexibility in Organization,Coursera,8,Intermediate,3.5,65.3,8.2,SK0134
C00793,Centralized coherent system engine in Same,Microsoft,19,Intermediate,3.8,45.4,21.9,SK0178
C00794,Synchronized bandwidth-monitored artificial intelligence in Relate,Coursera,51,Beginner,4.4,42.4,8.6,SK0166
C00795,Monitored needs-based installation in Something,Microsoft,72,Advanced,4.8,23.1,39.6,SK0046
C00796,Reverse-engineered discrete neural-net in Ask,AWS,98,Beginner,3.6,22.4,11.4,SK0156
C00797,Networked multi-state instruction set in North,LinkedIn Learning,57,Advanced,3.4,40.9,44.8,SK0236
C00798,Synergized methodical orchestration in Upon,Udemy,68,Intermediate,4.2,59.8,28.9,SK0060
C00799,Front-line methodical framework in Bar,LinkedIn Learning,31,Intermediate,3.1,61.7,47.7,SK0005
C00800,Object-based transitional alliance in Morning,Microsoft,3,Intermediate,4.4,57.1,18.1,SK0181
C00801,Re-engineered multi-state website in Owner,Internal,99,Advanced,4.4,50.7,25.4,SK0145
C00802,Synergistic regional circuit in Camera,Internal,83,Beginner,3.7,38.9,36.2,SK0265
C00803,Versatile local conglomeration in Computer,LinkedIn Learning,43,Advanced,4.8,50.1,42.4,SK0223
C00804,Extended content-based capacity in And,Internal,29,Intermediate,4.0,30.4,24.0,SK0237
C00805,Optimized attitude-oriented software in Learn,Microsoft,10,Intermediate,4.3,28.6,45.2,SK0013
C00806,Exclusive responsive circuit in They,AWS,12,Beginner,3.4,42.5,10.3,SK0268
C00807,Right-sized empowering functionalities in Whether,Udemy,46,Advanced,3.8,94.7,36.9,SK0266
C00808,Upgradable asymmetric array in Important,Google,30,Intermediate,4.7,44.5,20.7,SK0016
C00809,Realigned hybrid neural-net in Gas,Coursera,94,Advanced,3.4,90.2,9.6,SK0092
C00810,Grass-roots multi-state knowledgebase in Whose,Microsoft,82,Advanced,3.8,49.4,22.4,SK0248
C00811,Advanced zero tolerance standardization in Price,Google,88,Beginner,3.6,52.9,44.6,SK0019
C00812,Reverse-engineered multi-state toolset in Kind,Microsoft,32,Beginner,3.3,79.8,49.1,SK0103
C00813,Customizable intangible collaboration in Choose,Coursera,73,Intermediate,3.6,27.0,22.7,SK0095
C00814,Re-contextualized optimizing paradigm in Son,Coursera,47,Beginner,3.5,33.7,44.9,SK0283
C00815,Cross-platform bi-directional open system in State,Udemy,88,Advanced,4.8,93.0,27.9,SK0213
C00816,Cross-platform zero tolerance forecast in Trip,Udemy,63,Beginner,4.5,57.9,37.3,SK0037
C00817,Public-key grid-enabled installation in Everything,Udemy,26,Advanced,3.6,23.3,7.0,SK0061
C00818,Networked solution-oriented matrix in Owner,Internal,3,Intermediate,4.5,23.6,30.1,SK0291
C00819,Robust methodical alliance in Consider,Microsoft,23,Advanced,3.0,88.0,8.2,SK0244
C00820,Grass-roots impactful circuit in Present,AWS,75,Beginner,4.1,85.5,17.1,SK0006
C00821,Robust systemic solution in Interest,Coursera,74,Beginner,3.5,54.4,30.5,SK0165
C00822,Automated hybrid groupware in Rock,Microsoft,50,Intermediate,3.2,32.2,41.3,SK0013
C00823,Front-line actuating synergy in May,Google,36,Beginner,4.8,82.3,30.2,SK0025
C00824,Future-proofed holistic adapter in Green,Microsoft,13,Intermediate,3.4,44.3,47.1,SK0224
C00825,Innovative fault-tolerant focus group in Threat,Udemy,29,Intermediate,4.6,51.4,41.5,SK0123
C00826,Pre-emptive tangible software in Billion,Udemy,38,Beginner,3.8,71.2,12.0,SK0129
C00827,Focused client-driven framework in Six,Microsoft,77,Advanced,3.0,46.5,22.5,SK0122
C00828,Organic zero-defect Graphic Interface in Exist,Udemy,90,Intermediate,4.5,67.2,35.1,SK0035
C00829,Upgradable intangible portal in Race,Internal,84,Advanced,4.2,86.4,47.2,SK0083
C00830,Cross-group content-based intranet in Development,Coursera,5,Beginner,3.7,79.8,49.4,SK0182
C00831,Open-source user-facing matrix in Song,Google,20,Advanced,3.6,48.6,39.3,SK0076
C00832,Programmable holistic approach in Myself,Microsoft,78,Advanced,3.1,41.6,30.8,SK0104
C00833,Diverse asymmetric function in Security,Coursera,14,Advanced,4.9,41.4,39.0,SK0232
C00834,Profit-focused impactful challenge in Statement,Internal,8,Advanced,4.0,46.1,17.3,SK0043
C00835,Progressive non-volatile algorithm in Consumer,Google,48,Beginner,3.2,57.0,17.8,SK0093
C00836,Ergonomic dedicated approach in Enjoy,Udemy,13,Beginner,4.7,51.2,34.4,SK0144
C00837,Automated logistical application in Why,LinkedIn Learning,24,Advanced,3.6,30.0,44.2,SK0254
C00838,Multi-lateral tertiary customer loyalty in Eye,Internal,79,Beginner,3.4,32.3,48.6,SK0078
C00839,Multi-layered maximized middleware in Industry,LinkedIn Learning,65,Beginner,3.6,45.7,20.4,SK0263
C00840,Sharable bottom-line software in Allow,Coursera,86,Intermediate,4.1,62.2,40.8,SK0070
C00841,Front-line holistic matrix in Phone,Microsoft,34,Beginner,3.1,64.4,43.3,SK0149
C00842,Organized context-sensitive leverage in Peace,Google,51,Advanced,4.0,56.5,33.0,SK0292
C00843,Reactive grid-enabled hardware in Common,Udemy,3,Beginner,4.8,75.4,20.6,SK0214
C00844,Fundamental value-added solution in Believe,Google,90,Beginner,3.4,75.3,32.9,SK0147
C00845,Horizontal 4thgeneration info-mediaries in Appear,Internal,78,Beginner,3.7,52.1,31.3,SK0025
C00846,Diverse object-oriented time-frame in Difficult,Udemy,58,Beginner,3.8,29.3,32.3,SK0109
C00847,Face-to-face secondary definition in Research,LinkedIn Learning,72,Intermediate,4.2,59.8,32.9,SK0181
C00848,Expanded encompassing projection in It,LinkedIn Learning,55,Advanced,4.8,48.6,43.1,SK0251
C00849,Profound 3rdgeneration time-frame in Speak,AWS,80,Advanced,3.8,30.3,12.7,SK0203
C00850,Synergized 24/7 leverage in Which,Google,42,Beginner,3.1,93.6,21.5,SK0170
C00851,De-engineered secondary conglomeration in Plant,Microsoft,21,Beginner,3.7,47.7,31.4,SK0175
C00852,Advanced directional extranet in Political,LinkedIn Learning,10,Intermediate,3.4,66.9,17.7,SK0170
C00853,Integrated transitional strategy in Question,Microsoft,57,Beginner,4.3,56.8,49.0,SK0002
C00854,Grass-roots interactive implementation in Together,AWS,25,Intermediate,3.1,30.7,16.8,SK0134
C00855,Monitored logistical extranet in Discover,Internal,56,Advanced,3.6,24.2,26.1,SK0127
C00856,Persistent exuding service-desk in Near,AWS,38,Advanced,4.1,66.9,44.5,SK0046
C00857,Secured hybrid paradigm in Blue,Microsoft,86,Intermediate,3.6,38.5,8.6,SK0194
C00858,Adaptive multimedia protocol in Threat,LinkedIn Learning,61,Advanced,4.1,38.3,41.9,SK0209
C00859,Multi-layered next generation project in Phone,Coursera,47,Beginner,3.2,91.8,30.7,SK0296
C00860,Robust executive framework in Return,Microsoft,54,Beginner,4.9,54.6,6.4,SK0058
C00861,Customer-focused mission-critical architecture in Great,Udemy,46,Intermediate,3.6,22.2,45.6,SK0078
C00862,Grass-roots scalable Graphic Interface in Training,Coursera,68,Advanced,4.8,45.5,6.8,SK0202
C00863,Grass-roots empowering projection in Seek,Google,4,Advanced,3.7,63.8,28.2,SK0289
C00864,Streamlined exuding core in Citizen,Microsoft,94,Intermediate,4.6,44.6,7.2,SK0062
C00865,Programmable well-modulated encoding in We,Udemy,66,Intermediate,3.5,22.0,8.2,SK0268
C00866,Centralized radical initiative in Recent,Google,93,Advanced,4.3,53.3,44.9,SK0126
C00867,Intuitive systemic challenge in Set,AWS,43,Intermediate,3.6,27.9,39.5,SK0049
C00868,Assimilated solution-oriented methodology in Find,Coursera,62,Beginner,4.0,66.4,13.9,SK0088
C00869,Fundamental intangible initiative in Important,Microsoft,85,Advanced,4.3,66.5,32.9,SK0261
C00870,User-centric 5thgeneration paradigm in Section,Internal,85,Intermediate,4.2,22.8,40.8,SK0179
C00871,Re-engineered content-based Graphical User Interface in She,AWS,85,Intermediate,4.2,41.8,45.0,SK0069
C00872,Universal directional software in Nor,Udemy,4,Intermediate,3.1,51.0,26.1,SK0060
C00873,Sharable zero tolerance leverage in What,Internal,65,Advanced,3.5,61.3,45.4,SK0249
C00874,Synchronized heuristic middleware in First,LinkedIn Learning,62,Beginner,4.1,42.2,27.9,SK0169
C00875,Down-sized stable open architecture in Course,AWS,90,Beginner,3.0,41.6,36.0,SK0269
C00876,Implemented bandwidth-monitored leverage in Career,AWS,2,Advanced,3.5,93.7,49.1,SK0112
C00877,User-centric empowering success in System,Microsoft,9,Intermediate,3.5,23.1,15.6,SK0100
C00878,Realigned well-modulated contingency in Your,Microsoft,57,Advanced,3.5,94.2,12.6,SK0215
C00879,Synergized full-range projection in Behind,Udemy,45,Advanced,4.1,23.6,20.4,SK0113
C00880,Face-to-face heuristic definition in Size,AWS,18,Intermediate,4.2,41.6,12.4,SK0097
C00881,Integrated intangible toolset in Very,Microsoft,48,Advanced,4.8,57.0,17.8,SK0118
C00882,Managed holistic firmware in Pay,LinkedIn Learning,42,Beginner,3.8,30.7,38.4,SK0036
C00883,Implemented maximized capability in Many,Google,41,Advanced,4.9,30.1,26.5,SK0290
C00884,Business-focused scalable paradigm in Partner,Google,75,Intermediate,4.3,39.2,21.9,SK0124
C00885,Secured asynchronous leverage in Visit,Google,89,Advanced,4.8,93.0,21.6,SK0040
C00886,Ergonomic motivating capability in Trip,Microsoft,90,Beginner,4.7,48.5,13.8,SK0141
C00887,Synergized homogeneous moderator in Fire,AWS,58,Advanced,4.4,62.4,25.1,SK0026
C00888,Open-source actuating collaboration in Certain,Google,42,Advanced,3.7,72.8,33.1,SK0142
C00889,Exclusive global installation in Over,Coursera,35,Advanced,3.5,75.7,11.3,SK0057
C00890,Persevering client-server functionalities in Travel,Internal,38,Advanced,3.4,71.6,48.8,SK0150
C00891,Universal contextually-based time-frame in Be,AWS,67,Intermediate,4.9,45.3,24.9,SK0205
C00892,Pre-emptive full-range product in Cost,LinkedIn Learning,41,Beginner,4.9,28.4,47.7,SK0076
C00893,Intuitive scalable approach in Above,AWS,99,Beginner,4.4,41.1,11.1,SK0285
C00894,Organized even-keeled database in Sort,LinkedIn Learning,50,Beginner,4.8,35.8,39.5,SK0210
C00895,Vision-oriented composite orchestration in South,AWS,86,Advanced,4.8,30.2,32.8,SK0258
C00896,Diverse mobile toolset in Source,Google,72,Beginner,4.0,21.8,41.9,SK0259
C00897,Vision-oriented background capacity in Possible,Internal,79,Intermediate,4.3,90.2,32.0,SK0184
C00898,Optional scalable interface in International,Internal,45,Advanced,3.8,89.1,48.3,SK0011
C00899,Optimized mission-critical info-mediaries in Above,LinkedIn Learning,71,Advanced,3.8,23.8,33.2,SK0160
C00900,Automated national customer loyalty in Side,AWS,19,Beginner,3.1,33.0,40.3,SK0260
C00901,Multi-layered 24/7 Graphic Interface in Sometimes,Internal,17,Advanced,3.9,30.5,44.5,SK0088
C00902,Progressive content-based adapter in Require,Udemy,65,Advanced,4.3,41.1,37.2,SK0184
C00903,Adaptive responsive superstructure in Energy,AWS,93,Beginner,3.8,35.3,28.6,SK0016
C00904,Face-to-face system-worthy hardware in Forget,Internal,77,Intermediate,4.7,90.9,17.3,SK0244
C00905,De-engineered bi-directional info-mediaries in Most,Coursera,56,Intermediate,3.7,26.3,43.5,SK0086
C00906,Reverse-engineered fault-tolerant concept in Attention,Coursera,93,Beginner,3.3,35.9,26.6,SK0199
C00907,Balanced exuding frame in Lose,Udemy,41,Intermediate,4.6,26.1,32.9,SK0010
C00908,Upgradable multi-state policy in Need,Internal,42,Intermediate,4.3,93.5,8.6,SK0164
C00909,Mandatory intermediate software in Center,Coursera,6,Intermediate,3.5,88.9,27.4,SK0024
C00910,Mandatory mobile help-desk in Social,Google,69,Advanced,4.1,73.7,36.4,SK0064
C00911,Ergonomic composite workforce in International,AWS,98,Advanced,3.8,51.9,31.3,SK0238
C00912,Ameliorated discrete definition in Short,Microsoft,75,Advanced,4.9,34.3,25.2,SK0238
C00913,De-engineered didactic superstructure in Age,Internal,73,Intermediate,4.2,36.6,15.1,SK0022
C00914,Reverse-engineered motivating concept in Candidate,Udemy,40,Advanced,3.3,53.2,18.9,SK0180
C00915,Multi-lateral transitional projection in Structure,Internal,41,Intermediate,4.0,77.6,36.5,SK0047
C00916,Automated homogeneous productivity in Especially,LinkedIn Learning,9,Beginner,4.7,39.9,15.1,SK0279
C00917,Visionary national process improvement in Anything,LinkedIn Learning,8,Intermediate,4.3,43.3,33.0,SK0224
C00918,Right-sized actuating protocol in Box,Coursera,44,Advanced,4.7,65.0,31.5,SK0218
C00919,Streamlined 3rdgeneration application in Road,LinkedIn Learning,58,Intermediate,3.5,37.8,48.7,SK0237
C00920,Customizable intangible intranet in Husband,Udemy,67,Advanced,4.8,63.8,7.7,SK0204
C00921,Decentralized neutral extranet in Matter,Coursera,13,Advanced,4.5,49.0,9.9,SK0019
C00922,Total coherent database in Run,Udemy,19,Beginner,4.5,22.6,27.8,SK0180
C00923,Synergized responsive access in Fish,AWS,98,Beginner,3.7,50.2,28.7,SK0162
C00924,Operative stable attitude in Recognize,Udemy,96,Advanced,4.8,89.0,6.8,SK0285
C00925,Programmable encompassing process improvement in Police,LinkedIn Learning,49,Intermediate,4.3,42.0,42.2,SK0061
C00926,Total client-driven instruction set in Then,AWS,80,Beginner,4.7,44.2,27.3,SK0085
C00927,Customer-focused multimedia success in Prepare,LinkedIn Learning,82,Beginner,3.7,24.9,20.6,SK0035
C00928,Decentralized executive budgetary management in Still,Udemy,78,Advanced,3.3,66.1,19.3,SK0005
C00929,Customer-focused modular customer loyalty in Politics,LinkedIn Learning,30,Intermediate,3.7,83.7,43.8,SK0076
C00930,Exclusive zero-defect firmware in Theory,LinkedIn Learning,66,Beginner,3.9,46.5,13.9,SK0253
C00931,Programmable dedicated help-desk in Score,LinkedIn Learning,77,Beginner,4.1,38.0,12.2,SK0007
C00932,Open-source explicit complexity in Among,Internal,91,Intermediate,4.0,91.7,14.6,SK0169
C00933,Reactive modular database in Rise,AWS,59,Beginner,4.1,75.9,33.1,SK0130
C00934,Polarized full-range encoding in Able,AWS,53,Intermediate,4.7,62.5,41.5,SK0138
C00935,Advanced static array in What,Google,52,Advanced,3.3,42.9,19.9,SK0300
C00936,Customizable object-oriented secured line in Minute,AWS,81,Beginner,3.6,36.6,12.8,SK0091
C00937,Distributed background time-frame in Much,Google,31,Advanced,4.8,73.7,14.4,SK0163
C00938,Compatible uniform success in Blood,Udemy,15,Intermediate,4.1,59.1,32.9,SK0253
C00939,Function-based secondary emulation in Loss,Google,20,Advanced,4.2,59.0,16.1,SK0201
C00940,Implemented empowering Local Area Network in Apply,Google,5,Advanced,4.0,25.5,44.5,SK0020
C00941,Cross-platform context-sensitive analyzer in Together,Microsoft,7,Advanced,4.1,58.4,9.7,SK0229
C00942,Implemented high-level website in Research,Udemy,18,Intermediate,3.4,81.7,6.5,SK0163
C00943,Intuitive interactive support in Business,AWS,56,Intermediate,4.1,91.0,9.0,SK0165
C00944,Cross-platform well-modulated analyzer in Act,Coursera,75,Intermediate,5.0,28.0,43.1,SK0232
C00945,Devolved stable project in Conference,LinkedIn Learning,96,Intermediate,4.1,67.3,34.3,SK0238
C00946,Managed heuristic intranet in Pretty,LinkedIn Learning,91,Intermediate,3.1,62.6,48.1,SK0120
C00947,Future-proofed upward-trending array in Hotel,Microsoft,90,Beginner,4.6,86.8,20.1,SK0107
C00948,Mandatory contextually-based budgetary management in Institution,Coursera,45,Beginner,3.8,76.3,14.6,SK0250
C00949,Open-architected logistical flexibility in Thing,Internal,28,Beginner,3.3,92.4,30.3,SK0284
C00950,Networked system-worthy matrices in Such,Google,50,Advanced,4.7,92.0,29.2,SK0198
C00951,Operative solution-oriented website in Compare,Udemy,2,Advanced,3.4,36.9,31.6,SK0220
C00952,Customizable clear-thinking standardization in She,Internal,84,Intermediate,4.8,74.4,20.6,SK0151
C00953,Centralized cohesive benchmark in Keep,Coursera,68,Intermediate,3.9,59.8,5.3,SK0286
C00954,Reverse-engineered mission-critical website in Outside,Microsoft,77,Beginner,4.5,36.1,6.6,SK0265
C00955,Synergistic leadingedge contingency in Popular,Coursera,24,Intermediate,4.1,34.6,34.9,SK0220
C00956,Multi-tiered zero-defect help-desk in Population,Microsoft,48,Advanced,3.5,26.1,28.5,SK0216
C00957,Assimilated systemic superstructure in Wait,Internal,45,Intermediate,4.3,79.7,41.9,SK0156
C00958,De-engineered mission-critical matrix in Budget,Internal,93,Beginner,4.9,44.3,18.5,SK0216
C00959,Open-source leadingedge analyzer in At,Coursera,58,Intermediate,4.5,84.3,41.7,SK0114
C00960,Fundamental solution-oriented functionalities in Actually,Coursera,36,Advanced,4.2,65.6,24.1,SK0161
C00961,Triple-buffered systematic moderator in Speak,Google,2,Beginner,5.0,70.5,9.4,SK0098
C00962,User-friendly object-oriented success in Other,LinkedIn Learning,18,Intermediate,3.5,41.9,49.0,SK0157
C00963,Face-to-face static Graphical User Interface in Natural,Microsoft,49,Advanced,3.1,54.3,28.0,SK0162
C00964,Programmable system-worthy standardization in Present,LinkedIn Learning,8,Beginner,3.1,50.9,33.3,SK0042
C00965,Cross-platform intermediate protocol in Short,Udemy,58,Beginner,4.4,37.7,35.2,SK0180
C00966,Fully-configurable mission-critical hardware in Record,Udemy,15,Advanced,4.7,82.4,21.3,SK0051
C00967,Synergistic secondary info-mediaries in Church,Coursera,17,Intermediate,4.3,66.7,38.6,SK0252
C00968,Realigned reciprocal application in Activity,Internal,23,Intermediate,4.8,22.8,44.2,SK0120
C00969,Stand-alone cohesive middleware in Time,Udemy,66,Intermediate,4.4,81.5,22.4,SK0075
C00970,Phased modular concept in Bad,Udemy,70,Beginner,3.7,28.0,34.6,SK0162
C00971,Versatile mobile Graphic Interface in Effect,LinkedIn Learning,93,Beginner,3.4,50.3,39.1,SK0149
C00972,Managed even-keeled application in Movement,LinkedIn Learning,27,Intermediate,4.8,62.8,13.6,SK0123
C00973,Face-to-face neutral project in Human,Google,37,Beginner,3.2,20.6,20.0,SK0141
C00974,Open-architected disintermediate artificial intelligence in Machine,Google,49,Beginner,4.1,69.0,9.9,SK0182
C00975,Organic object-oriented knowledge user in Behavior,Udemy,64,Advanced,3.6,69.5,32.1,SK0277
C00976,Proactive local functionalities in By,Coursera,34,Intermediate,3.5,68.9,41.0,SK0257
C00977,Proactive value-added projection in Affect,LinkedIn Learning,18,Intermediate,4.3,32.3,32.5,SK0245
C00978,Customer-focused impactful installation in Also,Udemy,64,Intermediate,3.5,39.2,13.1,SK0086
C00979,Realigned neutral ability in That,Internal,74,Beginner,4.8,38.6,29.6,SK0071
C00980,Cross-group real-time process improvement in Public,LinkedIn Learning,44,Beginner,3.8,92.0,42.6,SK0269
C00981,Innovative multimedia open architecture in Design,Udemy,17,Beginner,4.4,25.1,18.6,SK0180
C00982,Streamlined static knowledgebase in Growth,Google,59,Intermediate,4.5,52.2,42.5,SK0279
C00983,Multi-lateral actuating definition in Three,Microsoft,13,Beginner,4.4,85.3,40.3,SK0149
C00984,Persevering full-range open architecture in Speak,LinkedIn Learning,52,Intermediate,4.8,77.7,6.0,SK0006
C00985,Secured radical leverage in Sense,Microsoft,60,Beginner,3.5,81.7,15.8,SK0148
C00986,Switchable high-level structure in Local,LinkedIn Learning,42,Intermediate,3.2,92.9,29.4,SK0168
C00987,Customizable bandwidth-monitored task-force in Reason,LinkedIn Learning,91,Advanced,3.1,49.0,37.3,SK0009
C00988,Face-to-face 24hour Graphical User Interface in Hear,Google,64,Beginner,4.8,43.2,44.6,SK0178
C00989,Sharable explicit neural-net in Nearly,AWS,66,Intermediate,4.9,22.3,33.8,SK0284
C00990,Multi-layered tangible benchmark in Answer,AWS,34,Advanced,3.6,31.3,22.1,SK0116
C00991,Down-sized modular challenge in Term,Microsoft,95,Advanced,4.4,62.2,13.3,SK0096
C00992,Universal value-added success in It,Coursera,87,Beginner,3.0,31.8,39.2,SK0056
C00993,Customer-focused eco-centric pricing structure in Deal,Udemy,71,Intermediate,3.4,75.2,14.3,SK0207
C00994,Ergonomic bottom-line infrastructure in Dinner,Coursera,64,Beginner,4.4,22.8,36.3,SK0105
C00995,Persevering zero tolerance core in Sense,Coursera,33,Advanced,3.1,39.5,13.2,SK0035
C00996,Mandatory bi-directional system engine in Join,AWS,12,Beginner,3.9,72.2,9.1,SK0209
C00997,Balanced scalable service-desk in Per,Udemy,76,Intermediate,4.3,39.2,16.3,SK0281
C00998,Decentralized zero administration knowledge user in Lot,AWS,19,Advanced,4.5,74.7,17.8,SK0147
C00999,Switchable optimizing middleware in Center,AWS,9,Beginner,3.9,94.7,34.1,SK0287
C01000,Proactive 24hour moderator in Simply,Google,74,Beginner,4.3,79.8,12.2,SK0081
