lp_id,lp_name,course_ids,target_skill_id
LP001,Path to Geophysical data processor,"C00126,C00271,C00435,C00400,C00091",SK0265
LP002,Path to Public affairs consultant,"C00951,C00476,C00598,C00853,C00566",SK0055
LP003,Path to Video editor,"C00189,C00710,C00011,C00255,C00906,C00302",SK0275
LP004,Path to Lobbyist,"C00695,C00423,C00182,C00742",SK0052
LP005,Path to Medical secretary,"C00480,C00598,C00537,C00801,C00200,C00996,C00536,C00777,C00612",SK0193
LP006,Path to Educational psychologist,"C00192,C00314,C00408,C00981,C00797",SK0266
LP007,Path to Research scientist (physical sciences),"C00273,C00625,C00522,C00009",SK0071
LP008,Path to Photographer,"C00794,C00488,C00420,C00956,C00790",SK0065
LP009,"Path to Engineer, materials","C00342,C00994,C00128,C00554,C00621,C00455,C00933",SK0069
LP010,Path to Personnel officer,"C00272,C00665,C00921,C00390,C00954,C00301",SK0243
LP011,Path to Microbiologist,"C00948,C00775,C00704,C00451,C00968,C00916,C00093,C00036,C00537",SK0253
LP012,Path to Medical sales representative,"C00014,C00923,C00696,C00172,C00263,C00076,C00053",SK0243
LP013,Path to Oncologist,"C00027,C00460,C00656,C00701,C00972",SK0265
LP014,Path to Health service manager,"C00819,C00062,C00305",SK0092
LP015,"Path to Production designer, theatre/television/film","C00244,C00797,C00362,C00526,C00472,C00883,C00272",SK0098
LP016,Path to Education administrator,"C00766,C00331,C00207,C00303,C00538,C00612,C00031,C00306,C00075",SK0158
LP017,"Path to Teacher, music","C00826,C00099,C00200,C00306,C00907,C00872,C00722,C00725,C00885",SK0202
LP018,"Path to Conservator, museum/gallery","C00670,C00180,C00245,C00051,C00436,C00736",SK0139
LP019,Path to Teaching laboratory technician,"C00618,C00589,C00577",SK0027
LP020,Path to Estate manager/land agent,"C00471,C00076,C00570,C00483,C00633,C00772,C00881,C00336,C00085",SK0269
LP021,Path to Chiropodist,"C00188,C00637,C00994,C00852,C00780,C00507",SK0284
LP022,Path to Geophysicist/field seismologist,"C00665,C00400,C00606,C00168,C00434,C00244,C00753",SK0275
LP023,Path to Fashion designer,"C00066,C00643,C00914,C00943,C00163,C00576,C00203,C00901,C00038",SK0222
LP024,"Path to Surveyor, building control","C00443,C00100,C00735,C00326,C00835,C00028",SK0236
LP025,Path to Podiatrist,"C00680,C00185,C00122,C00563,C00848,C00482,C00653",SK0197
LP026,Path to Museum/gallery curator,"C00001,C00185,C00440,C00536,C00102,C00352",SK0029
LP027,"Path to Engineer, building services","C00769,C00545,C00086",SK0199
LP028,Path to Dancer,"C00698,C00383,C00378,C00849",SK0268
LP029,Path to Dealer,"C00793,C00416,C00470",SK0118
LP030,Path to Public librarian,"C00497,C00659,C00184,C00415",SK0092
LP031,Path to Acupuncturist,"C00353,C00059,C00178,C00503,C00210,C00426,C00124,C00399,C00009",SK0196
LP032,"Path to Editor, commissioning","C00252,C00966,C00703,C00877,C00234,C00984,C00354",SK0044
LP033,"Path to Pharmacist, community","C00759,C00278,C00896,C00753,C00325,C00751,C00678,C00603,C00461",SK0094
LP034,Path to Restaurant manager,"C00617,C00602,C00043,C00204,C00945,C00037,C00525",SK0062
LP035,Path to Contractor,"C00157,C00258,C00372,C00205,C00426,C00676,C00654",SK0016
LP036,"Path to Scientist, forensic","C00182,C00549,C00966,C00603",SK0071
LP037,"Path to Social research officer, government","C00295,C00406,C00167,C00079,C00387,C00337",SK0147
LP038,Path to Interpreter,"C00308,C00819,C00233,C00920",SK0125
LP039,"Path to Radiographer, therapeutic","C00222,C00541,C00646,C00120",SK0081
LP040,Path to Hydrologist,"C00586,C00073,C00106,C00849,C00675",SK0147
LP041,Path to Fitness centre manager,"C00394,C00777,C00028,C00551",SK0266
LP042,"Path to Surveyor, planning and development","C00197,C00350,C00668,C00838,C00416,C00631,C00571",SK0043
LP043,Path to Tax inspector,"C00004,C00354,C00159,C00474,C00044,C00736",SK0008
LP044,Path to Art gallery manager,"C00982,C00250,C00217,C00895,C00351,C00305,C00873,C00659,C00356",SK0237
LP045,Path to Occupational therapist,"C00190,C00694,C00635",SK0101
LP046,Path to Child psychotherapist,"C00002,C00496,C00641,C00287,C00494",SK0029
LP047,"Path to Development worker, community","C00575,C00629,C00182,C00627,C00404,C00262,C00699,C00912,C00218",SK0070
LP048,Path to Best boy,"C00576,C00025,C00333,C00239,C00032,C00006",SK0226
LP049,"Path to Engineer, structural","C00018,C00710,C00933,C00059,C00226,C00091,C00916,C00667,C00918",SK0214
LP050,Path to Forest/woodland manager,"C00653,C00984,C00785,C00594,C00737,C00545,C00543,C00187",SK0024
LP051,Path to Publishing copy,"C00539,C00935,C00705,C00999,C00397",SK0076
LP052,Path to Chief Operating Officer,"C00493,C00857,C00006,C00608,C00366,C00439,C00241",SK0217
LP053,"Path to Production assistant, television","C00334,C00520,C00275,C00147,C00547,C00067,C00363",SK0230
LP054,"Path to Lecturer, higher education","C00780,C00932,C00107",SK0007
LP055,Path to Gaffer,"C00082,C00242,C00882",SK0175
LP056,Path to Media planner,"C00153,C00635,C00563,C00874,C00438,C00896",SK0154
LP057,Path to Media buyer,"C00460,C00797,C00652,C00728,C00562,C00767",SK0293
LP058,"Path to Surveyor, minerals","C00325,C00726,C00859,C00655,C00627,C00898,C00490,C00297",SK0097
LP059,"Path to Surveyor, hydrographic","C00914,C00527,C00093",SK0079
LP060,Path to Furniture designer,"C00050,C00741,C00428,C00882,C00248",SK0056
LP061,Path to Local government officer,"C00557,C00383,C00063,C00756,C00214",SK0054
LP062,Path to Advertising account planner,"C00131,C00153,C00625,C00374,C00413",SK0127
LP063,Path to Paramedic,"C00804,C00999,C00391,C00051,C00151,C00328,C00964",SK0107
LP064,Path to Community development worker,"C00735,C00002,C00135,C00580",SK0208
LP065,Path to Make,"C00764,C00547,C00542,C00385,C00311,C00584,C00386",SK0051
LP066,Path to Trading standards officer,"C00751,C00705,C00583,C00455,C00217,C00941,C00899,C00023",SK0059
LP067,"Path to Engineer, civil (contracting)","C00730,C00772,C00514,C00508,C00202,C00953",SK0246
LP068,Path to Technical author,"C00867,C00319,C00726,C00522,C00993,C00181,C00744",SK0191
LP069,Path to Teaching laboratory technician,"C00127,C00033,C00808,C00118,C00854,C00197",SK0033
LP070,Path to Solicitor,"C00982,C00861,C00319",SK0069
LP071,Path to Ecologist,"C00062,C00210,C00998,C00167,C00484",SK0270
LP072,Path to Higher education careers adviser,"C00393,C00663,C00706,C00997",SK0235
LP073,Path to Marine scientist,"C00288,C00537,C00110,C00762,C00495,C00193,C00546",SK0056
LP074,"Path to Journalist, broadcasting","C00094,C00889,C00203,C00030,C00390,C00174,C00346,C00684,C00530",SK0251
LP075,"Path to Sales professional, IT","C00825,C00323,C00253,C00575,C00506",SK0059
LP076,Path to Ranger/warden,"C00618,C00810,C00320,C00578,C00387,C00600",SK0248
LP077,Path to Product manager,"C00860,C00895,C00291,C00758",SK0094
LP078,Path to Careers information officer,"C00343,C00238,C00620,C00519,C00734,C00077,C00819,C00470,C00599",SK0188
LP079,Path to Museum/gallery curator,"C00646,C00747,C00029,C00654",SK0112
LP080,Path to Visual merchandiser,"C00099,C00619,C00082,C00551,C00037",SK0076
LP081,Path to Historic buildings inspector/conservation officer,"C00171,C00050,C00051,C00695,C00480,C00759,C00542",SK0180
LP082,"Path to Psychologist, educational","C00262,C00667,C00702,C00691,C00684,C00688,C00054,C00282",SK0126
LP083,Path to Dance movement psychotherapist,"C00371,C00834,C00567,C00643,C00986,C00764,C00781,C00259,C00461",SK0278
LP084,Path to Diplomatic Services operational officer,"C00308,C00432,C00207,C00923",SK0027
LP085,Path to Leisure centre manager,"C00528,C00677,C00030,C00978,C00564,C00553,C00354,C00894",SK0216
LP086,"Path to Pharmacist, community","C00022,C00494,C00003,C00018,C00529,C00552,C00907,C00192",SK0212
LP087,Path to Video editor,"C00180,C00800,C00536",SK0266
LP088,"Path to Teacher, music","C00030,C00575,C00893,C00363,C00345,C00580,C00104,C00361,C00583",SK0206
LP089,Path to Ophthalmologist,"C00078,C00777,C00260,C00374",SK0212
LP090,Path to Building surveyor,"C00013,C00339,C00634,C00834,C00028,C00759,C00265",SK0091
LP091,Path to Cartographer,"C00342,C00548,C00963,C00693,C00537,C00012,C00967,C00797,C00434",SK0173
LP092,"Path to Designer, television/film set","C00165,C00982,C00039",SK0109
LP093,Path to Lobbyist,"C00088,C00319,C00547,C00863,C00421,C00491,C00397,C00775",SK0210
LP094,Path to Estate agent,"C00910,C00121,C00866,C00886,C00614,C00626,C00930,C00962",SK0168
LP095,Path to Interior and spatial designer,"C00602,C00549,C00552,C00923,C00490,C00146,C00147",SK0102
LP096,Path to Investment analyst,"C00969,C00523,C00842",SK0217
LP097,"Path to Horticulturist, amenity","C00307,C00102,C00242,C00600",SK0129
LP098,"Path to Geologist, engineering","C00063,C00994,C00240,C00593,C00862,C00278",SK0246
LP099,Path to Trade union research officer,"C00807,C00914,C00129,C00833,C00711",SK0029
LP100,Path to Nutritional therapist,"C00716,C00369,C00081",SK0211
LP101,Path to Geoscientist,"C00439,C00245,C00385,C00968,C00796,C00773,C00787,C00635,C00925",SK0279
LP102,"Path to Producer, television/film/video","C00308,C00552,C00961,C00029,C00027",SK0218
LP103,Path to Medical laboratory scientific officer,"C00869,C00531,C00104,C00503,C00394,C00555,C00517",SK0028
LP104,Path to Theatre manager,"C00468,C00668,C00731,C00001",SK0299
LP105,"Path to Scientist, research (life sciences)","C00383,C00459,C00176,C00454,C00124",SK0064
LP106,"Path to Production designer, theatre/television/film","C00983,C00128,C00506,C00111,C00225,C00281",SK0299
LP107,Path to Patent attorney,"C00873,C00360,C00600,C00517,C00261,C00612",SK0278
LP108,Path to Diplomatic Services operational officer,"C00350,C00021,C00047,C00909,C00943,C00100,C00878",SK0155
LP109,Path to Educational psychologist,"C00389,C00990,C00658,C00460",SK0123
LP110,Path to Advice worker,"C00437,C00086,C00227,C00418",SK0110
LP111,Path to Comptroller,"C00310,C00688,C00975,C00500",SK0073
LP112,Path to Farm manager,"C00326,C00575,C00912,C00805,C00946,C00115,C00486,C00092,C00591",SK0039
LP113,Path to Food technologist,"C00163,C00156,C00184,C00866,C00014,C00255,C00355,C00417",SK0235
LP114,Path to Cartographer,"C00936,C00023,C00392,C00848,C00905,C00317,C00030",SK0097
LP115,"Path to Engineer, materials","C00637,C00725,C00706,C00404",SK0047
LP116,Path to Dietitian,"C00914,C00835,C00880,C00993,C00809,C00133",SK0223
LP117,Path to Occupational psychologist,"C00539,C00378,C00497,C00561,C00145,C00715,C00652",SK0222
LP118,"Path to Civil engineer, contracting","C00449,C00993,C00969,C00032,C00753,C00096,C00253,C00932",SK0087
LP119,Path to Chief of Staff,"C00647,C00159,C00553,C00264,C00163,C00446,C00929",SK0298
LP120,Path to Bonds trader,"C00701,C00355,C00347,C00058",SK0282
LP121,Path to Public librarian,"C00226,C00830,C00177,C00771,C00224,C00244,C00913,C00801,C00739",SK0015
LP122,Path to Sports therapist,"C00599,C00558,C00855,C00772,C00799,C00367,C00581",SK0203
LP123,Path to Audiological scientist,"C00356,C00990,C00501,C00529,C00465",SK0190
LP124,Path to Agricultural engineer,"C00958,C00981,C00408,C00079,C00516,C00697,C00502,C00977,C00264",SK0062
LP125,Path to Occupational psychologist,"C00244,C00964,C00858,C00711,C00691,C00556,C00950",SK0280
LP126,"Path to Scientist, research (physical sciences)","C00366,C00520,C00361,C00473,C00192,C00130",SK0036
LP127,Path to Charity officer,"C00597,C00022,C00973,C00420,C00552",SK0017
LP128,Path to Civil Service administrator,"C00307,C00733,C00754,C00033,C00382",SK0191
LP129,Path to Garment/textile technologist,"C00938,C00998,C00160,C00773,C00459",SK0232
LP130,Path to Waste management officer,"C00825,C00512,C00908,C00957",SK0016
LP131,"Path to Designer, furniture","C00638,C00784,C00765,C00863,C00262,C00799",SK0125
LP132,Path to Chartered accountant,"C00230,C00314,C00864,C00060,C00623,C00741,C00373,C00157",SK0292
LP133,Path to Newspaper journalist,"C00757,C00808,C00088,C00428",SK0262
LP134,Path to Insurance broker,"C00487,C00831,C00321,C00840,C00643,C00794,C00791,C00816",SK0284
LP135,Path to Estate manager/land agent,"C00565,C00227,C00343,C00907,C00777,C00237",SK0171
LP136,Path to Firefighter,"C00820,C00532,C00757,C00457",SK0248
LP137,Path to Herpetologist,"C00004,C00262,C00288,C00001",SK0146
LP138,Path to Probation officer,"C00599,C00124,C00464,C00139,C00540,C00718,C00335,C00223,C00901",SK0142
LP139,Path to Computer games developer,"C00493,C00122,C00168,C00128,C00701,C00678,C00637",SK0283
LP140,"Path to Conservator, museum/gallery","C00891,C00959,C00388,C00591,C00887,C00193,C00735",SK0117
LP141,Path to Secretary/administrator,"C00484,C00381,C00641,C00416,C00836,C00939",SK0110
LP142,"Path to Doctor, hospital","C00135,C00637,C00664",SK0015
LP143,Path to Air cabin crew,"C00438,C00766,C00186,C00352,C00299,C00541,C00629,C00726",SK0278
LP144,Path to Animal nutritionist,"C00788,C00242,C00520,C00532,C00612",SK0265
LP145,Path to Marketing executive,"C00216,C00753,C00643,C00269,C00392,C00221,C00834",SK0228
LP146,"Path to Journalist, magazine","C00442,C00636,C00138,C00485,C00770",SK0202
LP147,Path to Publishing copy,"C00143,C00914,C00627,C00567,C00146,C00862",SK0046
LP148,"Path to Psychologist, sport and exercise","C00106,C00595,C00855,C00957,C00294,C00306,C00786",SK0237
LP149,"Path to Sound technician, broadcasting/film/video","C00007,C00668,C00122,C00524,C00854,C00309,C00282,C00826,C00513",SK0043
LP150,Path to Glass blower/designer,"C00522,C00406,C00066,C00371",SK0209
LP151,Path to Sports therapist,"C00313,C00981,C00741,C00252,C00206,C00584",SK0238
LP152,"Path to Producer, television/film/video","C00676,C00717,C00258,C00679",SK0079
LP153,Path to Control and instrumentation engineer,"C00332,C00188,C00172,C00929,C00446,C00796,C00361,C00065",SK0031
LP154,"Path to Solicitor, Scotland","C00855,C00660,C00684,C00241,C00902,C00054,C00825,C00920",SK0234
LP155,"Path to Editor, film/video","C00198,C00471,C00853",SK0064
LP156,"Path to Therapist, art","C00030,C00079,C00354,C00158,C00993,C00605,C00854,C00542,C00521",SK0042
LP157,"Path to Therapist, speech and language","C00417,C00284,C00318,C00229,C00377,C00112,C00360",SK0064
LP158,"Path to Programmer, multimedia","C00052,C00925,C00949",SK0116
LP159,"Path to Surveyor, rural practice","C00057,C00280,C00343",SK0008
LP160,"Path to Presenter, broadcasting","C00064,C00371,C00687,C00031,C00136,C00898,C00978,C00300",SK0048
LP161,"Path to Scientist, research (physical sciences)","C00724,C00420,C00071,C00563,C00643,C00032,C00601,C00626",SK0288
LP162,"Path to Social research officer, government","C00897,C00489,C00904,C00436,C00963",SK0047
LP163,Path to Insurance claims handler,"C00558,C00691,C00738,C00470,C00867",SK0040
LP164,"Path to Loss adjuster, chartered","C00645,C00834,C00449,C00657,C00509,C00355,C00631",SK0031
LP165,Path to Race relations officer,"C00253,C00181,C00997,C00239,C00750,C00537,C00470,C00657,C00666",SK0053
LP166,"Path to Solicitor, Scotland","C00312,C00996,C00448,C00497,C00980,C00706,C00318",SK0180
LP167,Path to Ergonomist,"C00008,C00253,C00983,C00384,C00903",SK0254
LP168,Path to Chartered public finance accountant,"C00528,C00591,C00655,C00616,C00426,C00478,C00982,C00773",SK0089
LP169,Path to Private music teacher,"C00609,C00843,C00616,C00566,C00781,C00783",SK0278
LP170,Path to Insurance account manager,"C00841,C00932,C00910,C00565,C00391,C00955,C00966",SK0182
LP171,Path to Medical secretary,"C00965,C00801,C00808,C00352,C00679,C00658",SK0083
LP172,Path to Passenger transport manager,"C00346,C00366,C00692,C00829",SK0099
LP173,Path to Gaffer,"C00146,C00262,C00775,C00580,C00665,C00851,C00503,C00547,C00549",SK0106
LP174,"Path to Designer, furniture","C00732,C00115,C00897",SK0259
LP175,Path to Immunologist,"C00692,C00863,C00571",SK0076
LP176,Path to Administrator,"C00649,C00739,C00004,C00289,C00042,C00673",SK0177
LP177,Path to Academic librarian,"C00258,C00387,C00161,C00337",SK0231
LP178,"Path to Scientist, research (medical)","C00652,C00940,C00598,C00907",SK0101
LP179,Path to Copy,"C00113,C00638,C00765",SK0054
LP180,Path to Local government officer,"C00003,C00788,C00362,C00478,C00384,C00417,C00772",SK0168
LP181,Path to Historic buildings inspector/conservation officer,"C00679,C00581,C00246,C00755,C00039,C00713",SK0213
LP182,"Path to Psychotherapist, child","C00800,C00131,C00088,C00040,C00964,C00510,C00050",SK0277
LP183,Path to Social researcher,"C00068,C00499,C00216,C00013,C00055",SK0032
LP184,Path to Actuary,"C00265,C00425,C00287,C00908,C00471,C00858,C00538,C00391,C00101",SK0068
LP185,Path to Regulatory affairs officer,"C00438,C00148,C00307,C00386,C00767,C00534,C00054,C00543,C00645",SK0135
LP186,Path to Publishing rights manager,"C00679,C00733,C00522,C00171,C00205,C00549,C00120,C00523,C00370",SK0042
LP187,Path to Hydrographic surveyor,"C00085,C00128,C00668,C00358,C00295,C00222,C00697,C00284,C00789",SK0064
LP188,Path to Acupuncturist,"C00862,C00870,C00763,C00441",SK0020
LP189,Path to Planning and development surveyor,"C00489,C00067,C00152,C00707,C00548",SK0163
LP190,"Path to Horticulturist, commercial","C00239,C00962,C00311,C00699,C00642,C00630,C00246,C00693",SK0236
LP191,"Path to Therapist, speech and language","C00524,C00782,C00291,C00949,C00737,C00134,C00024,C00974,C00635",SK0006
LP192,Path to Exercise physiologist,"C00515,C00286,C00303",SK0043
LP193,Path to Actor,"C00237,C00519,C00472,C00899,C00742,C00729",SK0288
LP194,Path to Sports therapist,"C00618,C00447,C00875,C00793,C00013,C00360",SK0033
LP195,Path to Midwife,"C00637,C00913,C00990,C00138,C00551,C00558",SK0118
LP196,Path to Energy engineer,"C00395,C00278,C00124,C00684,C00294",SK0105
LP197,Path to Paramedic,"C00079,C00755,C00248,C00420,C00656,C00297,C00936,C00917",SK0040
LP198,"Path to Surveyor, mining","C00219,C00529,C00804,C00952,C00027,C00815,C00276,C00290,C00838",SK0278
LP199,Path to Press sub,"C00132,C00656,C00032,C00783,C00057",SK0222
LP200,Path to Nutritional therapist,"C00123,C00858,C00340,C00531",SK0161
LP201,Path to Fisheries officer,"C00564,C00945,C00402,C00752,C00281",SK0057
LP202,"Path to Development worker, community","C00781,C00965,C00682,C00292,C00403,C00690,C00745,C00983,C00657",SK0165
LP203,Path to Newspaper journalist,"C00816,C00389,C00279,C00119,C00067,C00983",SK0042
LP204,Path to Multimedia specialist,"C00380,C00116,C00147,C00048,C00949",SK0268
LP205,Path to English as a second language teacher,"C00236,C00013,C00258,C00326,C00861,C00747",SK0067
LP206,Path to General practice doctor,"C00889,C00220,C00925,C00747,C00942,C00573,C00987,C00883",SK0160
LP207,Path to Cartographer,"C00501,C00989,C00915,C00496,C00212",SK0146
LP208,"Path to Pharmacist, hospital","C00130,C00022,C00876,C00289,C00346,C00680,C00173,C00546,C00532",SK0059
LP209,Path to Film/video editor,"C00414,C00242,C00579,C00386,C00541,C00669,C00547",SK0193
LP210,"Path to Scientist, forensic","C00107,C00675,C00643,C00641,C00578,C00897,C00870,C00200,C00806",SK0119
LP211,Path to Video editor,"C00843,C00329,C00085,C00711,C00617,C01000,C00659",SK0055
LP212,Path to Glass blower/designer,"C00172,C00623,C00355,C00350",SK0240
LP213,Path to Higher education careers adviser,"C00064,C00012,C00091,C00917,C00336,C00937",SK0207
LP214,Path to Ship broker,"C00960,C00117,C00818,C00250,C00287,C00740,C00231,C00792,C00562",SK0145
LP215,Path to Geophysical data processor,"C00708,C00997,C00701,C00598",SK0270
LP216,Path to Passenger transport manager,"C00725,C00476,C00839,C00400,C00649,C00426,C00030",SK0160
LP217,Path to Emergency planning/management officer,"C00396,C00446,C00593,C00565,C00089,C00585,C00554",SK0053
LP218,Path to Broadcast presenter,"C00968,C00773,C00526,C00804",SK0274
LP219,"Path to Education officer, environmental","C00731,C00129,C00919,C00722,C00284,C00453,C00912,C00938",SK0145
LP220,Path to Copy,"C00606,C00404,C00171,C00359,C00543",SK0289
LP221,Path to Horticultural consultant,"C00850,C00840,C00060,C00802,C00264,C00758,C00107,C00767",SK0210
LP222,Path to Clinical psychologist,"C00750,C00679,C00356,C00460,C00218,C00116,C00124,C00636",SK0050
LP223,"Path to Programmer, applications","C00585,C00711,C00294,C00606,C00821,C00624,C00190",SK0150
LP224,Path to Waste management officer,"C00078,C00123,C00745",SK0168
LP225,Path to Production manager,"C00384,C00564,C00038,C00744,C00419",SK0145
LP226,Path to Glass blower/designer,"C00229,C00213,C00981,C00649,C00701,C00033,C00843,C00248,C00019",SK0119
LP227,Path to Writer,"C00670,C00307,C00867,C00802,C00481,C00367",SK0098
LP228,Path to Regulatory affairs officer,"C00106,C00718,C00541,C00516,C00403,C00818",SK0217
LP229,Path to Emergency planning/management officer,"C00290,C00297,C00859,C00113,C00658,C00769,C00629,C00580,C00201",SK0193
LP230,Path to IT sales professional,"C00992,C00273,C00369,C00462,C00281,C00957,C00837,C00217",SK0001
LP231,Path to Advertising account executive,"C00525,C00993,C00697,C00893,C00195,C00294,C00102,C00337,C00768",SK0291
LP232,"Path to Designer, blown glass/stained glass","C00312,C00123,C00231,C00383",SK0035
LP233,Path to Artist,"C00081,C00404,C00146,C00915,C00692",SK0191
LP234,Path to Social researcher,"C00103,C00436,C00155,C00493,C00266,C00056,C00677,C00804",SK0181
LP235,Path to Advertising copywriter,"C00018,C00311,C00956,C00613,C00052,C00512,C00347,C00213,C00958",SK0251
LP236,Path to Electronics engineer,"C00640,C00597,C00099,C00974,C00196,C00092,C00625,C00367",SK0248
LP237,"Path to Civil engineer, consulting","C00563,C00391,C00025",SK0258
LP238,Path to Herbalist,"C00096,C00149,C00174,C00205,C00438,C00974",SK0043
LP239,Path to Geophysical data processor,"C00922,C00762,C00794,C00787",SK0005
LP240,Path to Comptroller,"C00531,C00283,C00745,C00222",SK0131
LP241,Path to Primary school teacher,"C00560,C00392,C00694",SK0161
LP242,Path to Actuary,"C00467,C00853,C00352,C00550,C00505,C00459",SK0297
LP243,"Path to Exhibitions officer, museum/gallery","C00211,C00503,C00877",SK0116
LP244,Path to Chemical engineer,"C00590,C00921,C00225,C00073,C00237,C00901",SK0026
LP245,Path to Dentist,"C00269,C00185,C00570,C00290,C00998,C00321,C00427",SK0249
LP246,"Path to Administrator, local government","C00657,C00628,C00963,C00328,C00422,C00459,C00339",SK0178
LP247,"Path to Research officer, political party","C00716,C00980,C00471",SK0128
LP248,"Path to Engineer, water","C00117,C00604,C00596,C00392,C00273,C00787,C00394",SK0204
LP249,"Path to Lighting technician, broadcasting/film/video","C00804,C00127,C00391,C00012,C00245,C00344",SK0137
LP250,Path to Petroleum engineer,"C00491,C00814,C00605,C00616,C00571,C00082",SK0209
LP251,Path to Insurance underwriter,"C00056,C00956,C00508,C00513,C00488,C00999,C00817,C00343,C00102",SK0297
LP252,Path to Research scientist (physical sciences),"C00917,C00931,C00379,C00816,C00030,C00692",SK0205
LP253,Path to Meteorologist,"C00664,C00211,C00833",SK0298
LP254,"Path to Psychologist, educational","C00767,C00732,C00511,C00906,C00898,C00122,C00407,C00827,C00398",SK0166
LP255,Path to Ambulance person,"C00143,C00639,C00699,C00545,C00326,C00004,C00986",SK0297
LP256,Path to Lawyer,"C00491,C00108,C00581,C00617,C00038,C00191,C00020,C00178,C00613",SK0212
LP257,Path to Catering manager,"C00756,C00517,C00948,C00141,C00748,C00136,C00701,C00611",SK0154
LP258,Path to Dancer,"C00262,C00950,C00974,C00430,C00685,C00521,C00540",SK0292
LP259,Path to Banker,"C00779,C00300,C00915,C00997,C00462",SK0291
LP260,Path to Geographical information systems officer,"C00358,C00548,C00049,C00182",SK0103
LP261,"Path to Nurse, children's","C00794,C00239,C00970,C00822,C00018,C00298,C00890",SK0266
LP262,Path to Building surveyor,"C00703,C00042,C00811,C00259,C00913",SK0244
LP263,Path to Speech and language therapist,"C00993,C00531,C00049,C00899,C00608,C00365,C00232,C00122",SK0139
LP264,"Path to Psychotherapist, dance movement","C00909,C00131,C00190,C00130,C00377,C00813",SK0089
LP265,"Path to Education officer, community","C00875,C00038,C00563,C00650,C00237,C00289,C00170,C00904",SK0177
LP266,"Path to Engineer, agricultural","C00098,C00948,C00301,C00232,C00786,C00580,C00420,C00511",SK0184
LP267,Path to Fitness centre manager,"C00290,C00785,C00110,C00702,C00808",SK0012
LP268,Path to Museum/gallery curator,"C00859,C00576,C00300,C00474,C00035,C00624",SK0111
LP269,"Path to Administrator, charities/voluntary organisations","C00267,C00220,C00971,C00727,C00522,C00421,C00817,C00306,C00049",SK0236
LP270,Path to Community development worker,"C00631,C00151,C00530,C00250",SK0239
LP271,Path to Fish farm manager,"C00968,C00859,C00803,C00347,C00651",SK0197
LP272,Path to Musician,"C00783,C00521,C00593,C00089,C00798",SK0147
LP273,Path to Probation officer,"C00280,C00454,C00350,C00385,C00242,C00668",SK0256
LP274,Path to Firefighter,"C00771,C00575,C00056,C00275,C00936",SK0194
LP275,Path to Analytical chemist,"C00092,C00422,C00044,C00269,C00670",SK0050
LP276,"Path to Engineer, civil (contracting)","C00932,C00112,C00761,C00353,C00498,C00421,C00605,C00099",SK0247
LP277,Path to Psychiatrist,"C00652,C00590,C00615,C00357,C00381,C00774",SK0283
LP278,Path to Chief Marketing Officer,"C00966,C00076,C00203,C00513,C00745,C00998",SK0013
LP279,"Path to Scientist, research (life sciences)","C00485,C00266,C00023,C00051,C00459,C00150,C00662,C00502",SK0220
LP280,"Path to Engineer, manufacturing","C00917,C00499,C00570,C00234,C00747",SK0010
LP281,Path to Public librarian,"C00338,C00506,C00063,C00637,C00004,C00374",SK0089
LP282,Path to Neurosurgeon,"C00707,C00504,C00672,C00671,C00516,C00017,C00644,C00539,C00419",SK0237
LP283,Path to Insurance underwriter,"C00733,C00295,C00143,C00152,C00155,C00870,C00150,C00536",SK0064
LP284,Path to IT trainer,"C00918,C00970,C00875",SK0260
LP285,"Path to Designer, interior/spatial","C00292,C00920,C00037,C00003,C00041,C00694",SK0051
LP286,Path to Archivist,"C00617,C00171,C00867,C00616,C00945",SK0064
LP287,Path to Stage manager,"C00456,C00101,C00424",SK0139
LP288,"Path to Scientist, research (life sciences)","C00340,C00473,C00764,C00445,C00211,C00846,C00118,C00826,C00128",SK0136
LP289,Path to Community education officer,"C00286,C00725,C00970,C00109,C00128,C00894",SK0087
LP290,Path to Forensic scientist,"C00935,C00990,C00485,C00859,C00638",SK0195
LP291,Path to Quarry manager,"C00985,C00335,C00365,C00339",SK0242
LP292,Path to Hydrogeologist,"C00262,C00461,C00884,C00239,C00448,C00402,C00354,C00656,C00557",SK0196
LP293,"Path to Engineer, civil (contracting)","C00365,C00674,C00632,C00654,C00438,C00264",SK0168
LP294,Path to Media planner,"C00696,C00553,C00841,C00026,C00766",SK0017
LP295,Path to Associate Professor,"C00554,C00217,C00281,C00396,C00335,C00189,C00049",SK0039
LP296,Path to Engineering geologist,"C00076,C00514,C00720,C00057",SK0234
LP297,"Path to Clinical scientist, histocompatibility and immunogenetics","C00926,C00452,C00581,C00646",SK0001
LP298,Path to Fashion designer,"C00529,C00472,C00290,C00040,C00603,C00756,C00879,C00853",SK0279
LP299,Path to Politician's assistant,"C00084,C00805,C00090,C00986",SK0094
LP300,"Path to Journalist, broadcasting","C00026,C00484,C00592,C00950,C00748,C00672",SK0219
LP301,"Path to Administrator, local government","C00450,C00207,C00517,C00875",SK0203
LP302,Path to Diplomatic Services operational officer,"C00506,C00802,C00181,C00278",SK0256
LP303,Path to Health and safety adviser,"C00355,C00681,C00796,C00514,C00382,C00328,C00056,C00334",SK0271
LP304,Path to Television/film/video producer,"C00577,C00113,C00700,C00313,C00759",SK0045
LP305,Path to Communications engineer,"C00357,C00860,C00687,C00631,C00106,C00120,C00552,C00407,C00275",SK0161
LP306,Path to Occupational hygienist,"C00642,C00205,C00407,C00776,C00312,C00281,C00876,C00123,C00486",SK0176
LP307,Path to Financial manager,"C00398,C00482,C00001,C00199,C00787,C00382,C00782,C00855",SK0078
LP308,Path to Acupuncturist,"C00033,C00606,C00039,C00868,C00693,C00133,C00505",SK0178
LP309,Path to Archivist,"C00183,C00166,C00981,C00787,C00519,C00621",SK0224
LP310,Path to Television camera operator,"C00931,C00787,C00515,C00633,C00384,C00955,C00568,C00413",SK0180
LP311,Path to Public relations officer,"C00275,C00504,C00764,C00126,C00960,C00788,C00449,C00875",SK0203
LP312,"Path to Therapist, occupational","C00470,C00116,C00036,C00004,C00569,C00511,C00564",SK0072
LP313,"Path to Designer, fashion/clothing","C00417,C00146,C00508",SK0158
LP314,Path to Meteorologist,"C00271,C00274,C00477,C00576,C00783,C00785,C00899,C00333,C00070",SK0224
LP315,Path to Chartered public finance accountant,"C00326,C00358,C00538,C00775,C00117,C00789,C00997,C00993",SK0090
LP316,Path to Fish farm manager,"C00545,C00337,C00927,C00229,C00730,C00970,C00984,C00192",SK0069
LP317,"Path to Designer, industrial/product","C00024,C00900,C00841,C00011,C00499,C00591",SK0281
LP318,Path to Restaurant manager,"C00669,C00053,C00907,C00193,C00176,C00737",SK0207
LP319,"Path to Chemist, analytical","C00881,C00546,C00136,C00627,C00156",SK0010
LP320,Path to Water engineer,"C00410,C00114,C00736,C00759,C00863",SK0231
LP321,Path to Lexicographer,"C00620,C00401,C00904,C00338,C00002",SK0253
LP322,Path to Best boy,"C00982,C00121,C00643,C00867,C00983,C00504",SK0192
LP323,Path to Best boy,"C00565,C00006,C00091,C00998,C00950,C00310,C00576",SK0102
LP324,Path to Market researcher,"C00409,C00642,C00744,C00736,C00705,C00594,C00932,C00470,C00543",SK0249
LP325,"Path to Designer, exhibition/display","C00935,C00919,C00649,C00306,C00195,C00133",SK0126
LP326,Path to Software engineer,"C00564,C00910,C00379",SK0204
LP327,Path to Clinical biochemist,"C00646,C00501,C00760,C00472,C00272,C00873",SK0188
LP328,Path to Comptroller,"C00004,C00878,C00888,C00669,C00866",SK0095
LP329,Path to Ranger/warden,"C00857,C00002,C00428,C00942",SK0065
LP330,"Path to Exhibitions officer, museum/gallery","C00520,C00892,C00379,C00494,C00769,C00108,C00314,C00525,C00118",SK0234
LP331,Path to Investment analyst,"C00480,C00063,C00327,C00960",SK0204
LP332,"Path to Surveyor, insurance","C00461,C00515,C00725,C00620",SK0169
LP333,"Path to Loss adjuster, chartered","C00496,C00326,C00769,C00026,C00018,C00513,C00534",SK0080
LP334,Path to Print production planner,"C00622,C00190,C00160,C00530,C00927,C00693,C00959,C00865,C00356",SK0083
LP335,"Path to Engineer, automotive","C00189,C00591,C00118,C00157,C00838",SK0226
LP336,Path to Advertising art director,"C00310,C00011,C00988",SK0216
LP337,Path to Multimedia programmer,"C00837,C00587,C00657,C00390,C00879,C00619,C00204,C00654,C00181",SK0177
LP338,Path to Materials engineer,"C00588,C00939,C00121,C00935,C00923,C00354",SK0262
LP339,Path to Contractor,"C00578,C00625,C00849,C00700,C00590,C00903,C00496",SK0047
LP340,Path to Fitness centre manager,"C00662,C00514,C00910,C00268,C00094",SK0223
LP341,Path to Archaeologist,"C00813,C00775,C00852,C00217,C00231",SK0113
LP342,Path to Radio producer,"C00709,C00167,C00079",SK0288
LP343,Path to Primary school teacher,"C00871,C00185,C00910",SK0025
LP344,"Path to Surveyor, land/geomatics","C00958,C00974,C00069",SK0106
LP345,Path to Hospital pharmacist,"C00594,C00934,C00666",SK0107
LP346,Path to Special effects artist,"C00163,C00191,C00378,C00347,C00081,C00594,C00521,C00826",SK0293
LP347,Path to Recruitment consultant,"C00963,C00986,C00838,C00067,C00780,C00841,C00198,C00913,C00985",SK0259
LP348,Path to Energy manager,"C00489,C00162,C00246,C00874,C00892,C00158,C00458,C00848,C00872",SK0118
LP349,Path to Tax adviser,"C00504,C00469,C00115,C00437,C00063,C00949,C00069,C00928",SK0094
LP350,"Path to Embryologist, clinical","C00667,C00795,C00581,C00075,C00539",SK0095
LP351,Path to Speech and language therapist,"C00638,C00440,C00049,C00312,C01000,C00504,C00166,C00682",SK0190
LP352,Path to Magazine features editor,"C00818,C00321,C00821",SK0206
LP353,Path to Jewellery designer,"C00767,C00398,C00322,C00452,C00031",SK0212
LP354,Path to Psychotherapist,"C00397,C00027,C00445,C00509",SK0276
LP355,Path to Haematologist,"C00982,C00518,C00055,C00559,C00405,C00067,C00882,C00284",SK0190
LP356,Path to Tour manager,"C00797,C00840,C00315,C00286,C00230,C00505,C00504,C00931",SK0070
LP357,"Path to Surveyor, building","C00159,C00106,C00992,C00065",SK0010
LP358,"Path to Designer, multimedia","C00146,C00574,C00285,C00449,C00644,C00812",SK0224
LP359,Path to Broadcast presenter,"C00655,C00666,C00056",SK0088
LP360,Path to Set designer,"C00606,C00128,C00106,C00806,C00661",SK0112
LP361,"Path to Designer, fashion/clothing","C00181,C00878,C00090,C00097,C00537,C00086,C00254,C00018",SK0107
LP362,"Path to Production assistant, television","C00077,C00035,C00817,C00491,C00502",SK0137
LP363,Path to Hotel manager,"C00400,C00447,C00678,C00873,C00738,C00950",SK0232
LP364,Path to General practice doctor,"C00968,C00970,C00061,C00702",SK0174
LP365,Path to Special educational needs teacher,"C00194,C00466,C00568,C00389,C00494,C00501,C00864",SK0273
LP366,Path to Medical technical officer,"C00791,C00321,C00790,C00409,C00126,C00148,C00298",SK0189
LP367,Path to Professor Emeritus,"C00461,C00997,C00038,C00075,C00141,C00308",SK0014
LP368,Path to Academic librarian,"C00418,C00061,C00551,C00042,C00836",SK0096
LP369,Path to Risk manager,"C00918,C00596,C00034,C00371",SK0110
LP370,Path to Museum education officer,"C00991,C00955,C00987,C00495,C00724,C00447",SK0204
LP371,Path to Electrical engineer,"C00323,C00682,C00106,C00903",SK0133
LP372,Path to Advertising account executive,"C00859,C00780,C00626,C00961",SK0008
LP373,Path to Water quality scientist,"C00159,C00770,C00596,C00406,C00198,C00812,C00502",SK0241
LP374,Path to Medical physicist,"C00455,C00522,C00137,C00779,C00374,C00764",SK0279
LP375,Path to Web designer,"C00416,C00480,C00202,C00979,C00453,C00542,C00714,C00421",SK0264
LP376,Path to Field trials officer,"C00992,C00897,C01000,C00881,C00715,C00747,C00018",SK0004
LP377,Path to IT sales professional,"C00275,C00050,C00619,C00013,C00249",SK0005
LP378,Path to Biomedical scientist,"C00994,C00975,C00342,C00725,C00486,C00786",SK0271
LP379,Path to Solicitor,"C00400,C00699,C00495",SK0213
LP380,Path to Naval architect,"C00403,C00451,C00102,C00221,C00426,C00624,C00943,C00429",SK0053
LP381,Path to Energy manager,"C00063,C00610,C00243,C00604,C00160,C00773,C00633,C01000",SK0226
LP382,"Path to Scientist, research (physical sciences)","C00829,C00883,C00864",SK0082
LP383,Path to Research scientist (medical),"C00242,C00646,C00560,C00255,C00520,C00273,C00735,C00026",SK0108
LP384,Path to Structural engineer,"C00225,C00915,C00270,C00002,C00550,C00790,C00190",SK0074
LP385,"Path to Designer, exhibition/display","C00661,C00077,C00051,C00701,C00065,C00733,C00952",SK0139
LP386,Path to Video editor,"C00462,C00505,C00936",SK0029
LP387,Path to Heritage manager,"C00590,C00295,C00969,C00442,C00803,C00752,C00329,C00412",SK0209
LP388,Path to IT trainer,"C00165,C00863,C00060,C00970,C00469,C00139",SK0002
LP389,Path to Outdoor activities/education manager,"C00854,C00807,C00775,C00340,C00615,C00511,C00963,C00083",SK0115
LP390,Path to IT technical support officer,"C00807,C00423,C00526,C00959,C00299",SK0086
LP391,Path to Clinical psychologist,"C00811,C00391,C00554",SK0086
LP392,Path to Chief Operating Officer,"C00107,C00849,C00941,C00401,C00970,C00427,C00274",SK0114
LP393,"Path to Scientist, research (medical)","C00607,C00725,C00376,C00587,C00679,C00951,C00983",SK0174
LP394,Path to Broadcast engineer,"C00296,C00473,C00493,C00562,C00223,C00213,C00471",SK0264
LP395,Path to Armed forces logistics/support/administrative officer,"C00618,C00391,C00393,C00960",SK0024
LP396,"Path to Conservation officer, nature","C00711,C00581,C00239,C00433,C00938,C00217,C00841",SK0074
LP397,"Path to Editor, magazine features","C00249,C00351,C00478,C00983,C00877,C00422,C00033,C00947",SK0047
LP398,Path to Ambulance person,"C00490,C00822,C00748",SK0224
LP399,"Path to Engineer, drilling","C00225,C00899,C00008,C00862",SK0225
LP400,Path to Clinical biochemist,"C00813,C00647,C00918,C00563,C00696,C00971,C00567,C00014,C00535",SK0160
LP401,"Path to Radiographer, diagnostic","C00019,C00782,C00227,C00097,C00111,C00221,C00108,C00979",SK0245
LP402,"Path to Engineer, agricultural","C00236,C00098,C00222,C00160,C00577",SK0128
LP403,Path to Child psychotherapist,"C00872,C00350,C00005,C00366,C00022,C00352,C00229",SK0243
LP404,Path to Ambulance person,"C00901,C00602,C00853,C00973,C00933,C00654,C00489,C00671",SK0285
LP405,"Path to Teacher, English as a foreign language","C00010,C00509,C00867",SK0042
LP406,Path to Network engineer,"C00428,C00163,C00454,C00272",SK0294
LP407,Path to Recruitment consultant,"C00277,C00518,C00316,C00853,C00301,C00309,C00674",SK0128
LP408,Path to Secondary school teacher,"C00435,C00382,C00362,C00491",SK0074
LP409,Path to Youth worker,"C00902,C00608,C00970,C00482,C00539,C00841,C00770,C00591",SK0065
LP410,Path to Therapeutic radiographer,"C00556,C00905,C00702,C00881",SK0176
LP411,Path to Furniture conservator/restorer,"C00334,C00573,C00668",SK0205
LP412,Path to Artist,"C00760,C00341,C00879,C00086,C00674,C00208,C00987,C00069,C00270",SK0046
LP413,Path to Medical technical officer,"C00245,C00975,C00524",SK0172
LP414,Path to Environmental consultant,"C00764,C00476,C00784,C00831,C00766",SK0080
LP415,Path to Trading standards officer,"C00829,C00410,C00674,C00846,C00339,C00735,C00627,C00072",SK0052
LP416,Path to Building services engineer,"C00028,C00764,C00643,C00731,C00450,C00869,C00256,C00035,C00443",SK0131
LP417,"Path to Administrator, Civil Service","C00161,C00518,C00512,C00043,C00878,C00038,C00694,C00379,C00412",SK0089
LP418,"Path to Engineer, manufacturing","C00285,C00300,C00379,C00473,C00771",SK0087
LP419,Path to Regulatory affairs officer,"C00857,C00620,C00795,C00081,C00471,C00961,C00699,C00168",SK0174
LP420,Path to Cartographer,"C00076,C00341,C00720,C00938,C00922,C00907,C00107",SK0226
LP421,Path to Psychotherapist,"C00442,C00577,C00435,C00629,C00469,C00504,C00991",SK0239
LP422,"Path to Biochemist, clinical","C00474,C00906,C00563,C00499,C00010,C00485",SK0145
LP423,Path to Media planner,"C00347,C00216,C00322,C00354,C00245,C00670",SK0241
LP424,"Path to Surveyor, insurance","C00565,C00283,C00463,C00521,C00504,C00677,C00054",SK0158
LP425,Path to Pathologist,"C00497,C00293,C00643,C00051,C00890,C00711",SK0233
LP426,"Path to Merchandiser, retail","C00745,C00936,C00827,C00415,C00543,C00545",SK0194
LP427,Path to Barrister,"C00297,C00926,C00683,C00498,C00993,C00289,C00021",SK0100
LP428,Path to Warehouse manager,"C00668,C00210,C00198,C00087,C00727,C00677,C00978,C00582,C00838",SK0084
LP429,Path to Geographical information systems officer,"C00785,C00350,C00527,C00204,C00822",SK0291
LP430,Path to Seismic interpreter,"C00189,C00912,C00196",SK0231
LP431,Path to Architect,"C00216,C00308,C00518,C00636",SK0080
LP432,Path to Building services engineer,"C00283,C00516,C00191,C00435,C00440",SK0091
LP433,Path to Industrial buyer,"C00488,C00517,C00959,C00062,C00019,C00255",SK0286
LP434,Path to Careers adviser,"C00438,C00996,C00888,C00531,C00871,C00765",SK0136
LP435,"Path to Engineer, technical sales","C00364,C00640,C00889,C00349,C00405,C00487,C00509,C00102,C00059",SK0146
LP436,"Path to Scientist, physiological","C00263,C00257,C00129",SK0015
LP437,Path to Chief Strategy Officer,"C00312,C00236,C00227,C00967,C00056",SK0238
LP438,Path to Chiropractor,"C00478,C00399,C00912,C00407,C00730,C00306,C00590,C00793",SK0123
LP439,Path to Exercise physiologist,"C00266,C00390,C00551",SK0188
LP440,Path to Ship broker,"C00030,C00344,C00838,C00568,C00725,C00404",SK0239
LP441,Path to Musician,"C00176,C00329,C00047,C00930,C00102,C00586,C00871,C00521",SK0118
LP442,Path to Energy manager,"C00547,C00304,C00553,C00579,C00139,C00941,C00978,C00718,C00783",SK0146
LP443,"Path to Engineer, automotive","C00874,C00344,C00181",SK0151
LP444,Path to Secondary school teacher,"C00799,C00686,C00956,C00986,C00151,C00054,C00983,C00366",SK0195
LP445,Path to Fish farm manager,"C00441,C00116,C00794,C00986,C00094,C00092",SK0297
LP446,"Path to Teacher, early years/pre","C00175,C00614,C00542,C00622,C00703",SK0109
LP447,Path to Editorial assistant,"C00020,C00446,C00777,C00576",SK0218
LP448,"Path to Surveyor, insurance","C00385,C00005,C00903,C00507,C00436,C00647,C00984,C00942",SK0248
LP449,"Path to Surveyor, insurance","C00067,C00194,C00666,C00413,C00834,C00449,C00485,C00685,C00365",SK0192
LP450,Path to Pathologist,"C00785,C00896,C00907,C00867,C00748,C00996,C00268",SK0160
LP451,Path to Claims inspector/assessor,"C00323,C00336,C00512",SK0197
LP452,Path to Technical author,"C00673,C00843,C00806,C00128,C00009,C00736,C00178,C00740,C00202",SK0099
LP453,Path to Materials engineer,"C00227,C00293,C00933,C00770,C00240,C00786,C00849,C00009",SK0048
LP454,Path to Proofreader,"C00426,C00629,C00041,C00834,C00550,C00468,C00670,C00193,C00212",SK0174
LP455,Path to Physiotherapist,"C00581,C00767,C00035,C00349",SK0092
LP456,Path to Civil Service administrator,"C00367,C00175,C00752,C00230,C00540,C00063,C00949,C00635",SK0074
LP457,Path to Dietitian,"C00194,C00057,C00374,C00002,C00016,C00498,C00491,C00459",SK0205
LP458,Path to Education administrator,"C00788,C00051,C00847,C00465,C00839,C00067",SK0262
LP459,Path to Statistician,"C00542,C00183,C00744,C00831,C00241,C00870,C00905",SK0058
LP460,Path to Operational investment banker,"C00560,C00538,C00917",SK0124
LP461,Path to Retail merchandiser,"C00322,C00474,C00026,C00274,C00579,C00939,C00113,C00706",SK0217
LP462,Path to Leisure centre manager,"C00709,C00790,C00093,C00380,C00756,C00995",SK0069
LP463,"Path to Designer, industrial/product","C00170,C00671,C00738",SK0198
LP464,"Path to Social research officer, government","C00885,C00830,C00577,C00210,C00233,C00616,C00249",SK0124
LP465,Path to Tourism officer,"C00835,C00280,C00993,C00788",SK0048
LP466,Path to Probation officer,"C00254,C00410,C00888",SK0284
LP467,Path to Management consultant,"C00779,C00969,C00117,C00199,C00863",SK0035
LP468,Path to International aid/development worker,"C00099,C00046,C00896,C00466,C00359",SK0187
LP469,Path to Statistician,"C00058,C00720,C00661",SK0244
LP470,"Path to Journalist, broadcasting","C00112,C00313,C00285,C00650,C00967,C00281,C00904,C00857,C00665",SK0283
LP471,Path to Meteorologist,"C00112,C00194,C00264,C00574,C00615,C00994",SK0062
LP472,Path to Passenger transport manager,"C00240,C00296,C00887,C00391,C00265,C00204",SK0278
LP473,Path to Planning and development surveyor,"C00836,C00068,C00815,C00829,C00451,C00911",SK0239
LP474,Path to Jewellery designer,"C00239,C00606,C00216,C00817",SK0018
LP475,Path to Transport planner,"C00923,C00019,C00173,C00566,C00110,C00574,C00848",SK0187
LP476,Path to Financial adviser,"C00040,C00059,C00705,C00389,C00911,C00066,C00458,C00354",SK0186
LP477,"Path to Surveyor, quantity","C00705,C00446,C00164,C00765,C00085",SK0276
LP478,Path to Sports administrator,"C00329,C00054,C00840,C00907,C00059",SK0040
LP479,"Path to Engineer, site","C00462,C00459,C00021,C00733,C00056,C00864,C00978,C00133,C00935",SK0169
LP480,Path to Mining engineer,"C00712,C00621,C00932,C00105,C00842,C00013,C00598",SK0281
LP481,Path to Statistician,"C00173,C00659,C00306,C00421",SK0050
LP482,Path to Forest/woodland manager,"C00019,C00122,C00577,C00700",SK0151
LP483,Path to Media buyer,"C00477,C00075,C00879,C00927,C00673,C00841",SK0008
LP484,Path to Production manager,"C00736,C00152,C00324,C00948",SK0275
LP485,Path to Product/process development scientist,"C00479,C00697,C00573,C00672,C00980,C00707,C00105",SK0224
LP486,Path to Occupational psychologist,"C00168,C00878,C00283,C00298,C00266,C00658",SK0008
LP487,Path to Academic librarian,"C00867,C00772,C00202,C00550,C00727,C00875,C00602",SK0260
LP488,Path to Animal nutritionist,"C00241,C00514,C00205,C00233",SK0241
LP489,Path to Higher education careers adviser,"C00711,C00533,C00046,C00675,C00827,C00932,C00655,C01000,C00539",SK0132
LP490,"Path to Therapist, occupational","C00895,C00098,C00980,C00507,C00250,C00289,C00066",SK0294
LP491,"Path to Administrator, sports","C00086,C00251,C00494,C00936,C00961",SK0064
LP492,"Path to Scientist, marine","C00981,C00464,C00550,C00899,C00621,C00935,C00213,C00264,C00740",SK0277
LP493,Path to Control and instrumentation engineer,"C00289,C00476,C00757,C00144,C00206,C00684",SK0019
LP494,Path to Immigration officer,"C00181,C00189,C00434,C00570,C00155,C00984,C00033,C00453,C00861",SK0192
LP495,Path to Accounting technician,"C00696,C00526,C00499",SK0155
LP496,Path to Hydrologist,"C00446,C00102,C00052,C00599",SK0150
LP497,Path to Environmental education officer,"C00936,C00734,C00762,C00562,C00108,C00905,C00472",SK0185
LP498,"Path to Engineer, site","C00621,C00933,C00441",SK0046
LP499,Path to International aid/development worker,"C00777,C00405,C00041,C00627,C00687",SK0183
LP500,Path to Advertising copywriter,"C00631,C00051,C00020,C01000,C00976,C00425,C00247,C00828,C00983",SK0063
